post_id,post_date,post_type,caption,hashtags,hashtag_count,reach,impressions,likes,comments,shares,saves,follows_gained
IG0001,2025-10-16 03:01:00,Reel,Why fitness matters more than you think.,#explorepage #instagood #lifestyle #fitness,4,3160.0,3722,167,8.0,64,111,6
IG0002,2025-09-08 00:35:00,Video,,#delhi #startup #explorepage,3,3093.0,3683,117,2.0,38,49,5
IG0003,2025-12-15 13:21:00,Carousel,Why fitness matters more than you think.,#lifestyle #reels #nature #fitness,4,3596.0,4614,111,5.0,25,75,12
IG0004,2024-02-14 23:29:00,Reel,Check out our latest fitness update! What do you think?,#fitness #business #foodie #ootd #art #india #instagood #marketing,8,3093.0,3502,205,11.0,81,55,3
IG0005,2024-08-26 03:24:00,Carousel,We just launched something new in business. Link in bio!,#technology #art #photography #mumbai,4,2594.0,3495,89,4.0,21,67,7
IG0006,2024-03-14 19:40:00,Carousel,,#delhi #explorepage,2,2192.0,3473,101,5.0,49,52,12
IG0007,2025-07-24 07:43:00,Reel,Behind the scenes of tech — swipe to see more.,#travel #explorepage #instagood #nature #business,5,3344.0,4132,126,3.0,37,94,7
IG0008,2024-11-18 06:41:00,Image,Why tech matters more than you think.,#business #technology #lifestyle #motivation #delhi #fitness #art,7,2509.0,2766,101,4.0,37,59,3
IG0009,2024-05-21 16:31:00,Reel,5 tips every beginner should know about fitness.,#travel,1,2541.0,2875,168,4.0,61,82,18
IG0010,2024-03-06 12:24:00,Carousel,Big announcement coming soon about tech!,#india #motivation #delhi #fashion #fitness #nature #mumbai,7,5552.0,8219,183,8.0,75,118,15
IG0011,2024-09-26 16:48:00,Reel,We just launched something new in tech. Link in bio!,#india #fitness,2,2669.0,3614,200,4.0,40,99,9
IG0012,2025-06-27 00:38:00,Reel,Check out our latest travel update! What do you think?,#marketing #fashion #fitness #art #ootd,5,3734.0,5843,195,8.0,105,147,12
IG0013,2025-05-12 02:48:00,Image,We just launched something new in art. Link in bio!,#lifestyle #instagood #marketing #photography #motivation #delhi #startup #ootd,8,7742.0,11984,237,3.0,47,112,23
IG0014,2025-12-31 09:25:00,Image,Behind the scenes of travel — swipe to see more.,#technology #india #instagood #fitness #explorepage,5,3651.0,4778,91,1.0,29,103,11
IG0015,2024-08-13 00:04:00,Carousel,Behind the scenes of travel — swipe to see more.,,0,2709.0,4296,176,3.0,37,37,3
IG0016,2024-08-31 08:42:00,Reel,We just launched something new in art. Link in bio!,#reels #delhi #lifestyle #marketing #explorepage #business #india,7,6021.0,6778,494,27.0,60,66,9
IG0017,2025-02-24 14:55:00,Video,Check out our latest fitness update! What do you think?,,0,6107.0,9043,110,5.0,57,134,23
IG0018,2024-09-11 06:12:00,Carousel,Behind the scenes of wellness — swipe to see more.,#technology #lifestyle #startup #photography #motivation #explorepage #fitness #travel,8,2639.0,2956,90,3.0,7,55,5
IG0019,2024-04-05 07:10:00,Carousel,Check out our latest art update! What do you think?,#marketing #instagood #reels #business #travel #foodie,6,6112.0,7905,196,3.0,62,46,10
IG0020,2025-04-10 09:27:00,Image,Big announcement coming soon about fashion!,#marketing #lifestyle #reels #ootd #delhi #fashion #india #art,8,5695.0,8591,81,2.0,36,31,7
IG0021,2025-06-27 05:03:00,Image,Check out our latest travel update! What do you think?,#foodie #photography #instagood #delhi #explorepage #reels #travel #ootd,8,1649.0,2101,78,4.0,29,39,6
IG0022,2025-06-19 10:59:00,Reel,5 tips every beginner should know about art.,#reels #nature #explorepage #motivation,4,6844.0,7545,290,10.0,158,225,21
IG0023,2024-03-15 00:29:00,Image,A day in the life: travel edition.,#foodie,1,2408.0,3547,38,1.0,33,44,3
IG0024,2024-09-07 11:18:00,Reel,Check out our latest tech update! What do you think?,#technology #delhi,2,3571.0,5665,156,8.0,76,139,20
IG0025,2024-04-16 04:16:00,Carousel,A day in the life: food edition.,#fitness,1,2099.0,3067,80,0.0,35,20,4
IG0026,2025-12-04 20:54:00,Video,Why fitness matters more than you think.,#india #marketing #motivation #travel,4,3541.0,3922,168,5.0,75,113,24
IG0027,2024-05-13 20:16:00,Reel,Check out our latest art update! What do you think?,#technology #delhi,2,10353.0,13028,485,18.0,312,360,59
IG0028,2024-06-01 17:02:00,Reel,A day in the life: fashion edition.,#mumbai #delhi #lifestyle #startup #instagood,5,6015.0,9255,258,11.0,140,122,13
IG0029,2024-02-10 11:13:00,Image,5 tips every beginner should know about art.,#fitness #art #delhi,3,4304.0,6699,142,4.0,70,88,16
IG0030,2024-06-30 13:01:00,Image,A day in the life: travel edition.,#nature #startup,2,3061.0,3941,109,4.0,8,47,7
IG0031,2024-02-09 15:14:00,Reel,We just launched something new in travel. Link in bio!,#technology #art #ootd,3,4637.0,5187,280,,31,126,25
IG0032,2024-03-12 08:22:00,Reel,Check out our latest tech update! What do you think?,#business #delhi #nature #fashion #fitness #technology #lifestyle #foodie,8,3898.0,4388,227,8.0,84,140,34
IG0033,2024-11-17 13:38:00,Carousel,Big announcement coming soon about travel!,#fitness #business #reels #motivation #travel #art #delhi #fashion,8,8099.0,10005,261,3.0,24,293,63
IG0034,2025-09-30 10:42:00,Carousel,Why tech matters more than you think.,#ootd,1,2351.0,2769,80,2.0,43,61,6
IG0035,2024-07-15 13:42:00,Video,We just launched something new in tech. Link in bio!,#photography #mumbai #ootd #business #fashion #lifestyle,6,4928.0,6928,266,5.0,45,127,6
IG0036,2025-04-21 14:28:00,Reel,A day in the life: fitness edition.,#india #marketing #photography,3,7436.0,9942,438,15.0,125,91,12
IG0037,2024-08-28 21:19:00,Reel,We just launched something new in fashion. Link in bio!,#reels #lifestyle #fashion,3,13611.0,15280,952,39.0,240,568,103
IG0038,2025-04-11 13:56:00,Reel,,#business #marketing #instagood,3,6499.0,7235,315,17.0,128,140,25
IG0039,2024-04-19 13:14:00,Carousel,We just launched something new in fashion. Link in bio!,#india #technology,2,6640.0,8585,306,16.0,45,40,2
IG0040,2025-04-20 21:33:00,Reel,,#instagood #nature #technology #india #startup #marketing #motivation #explorepage,8,6799.0,7720,307,16.0,26,271,28
IG0041,2024-10-10 16:31:00,Reel,We just launched something new in tech. Link in bio!,#motivation #technology #foodie,3,9834.0,15131,765,38.0,111,122,24
IG0042,2024-05-21 04:14:00,Image,Why wellness matters more than you think.,#lifestyle #reels #foodie #startup #india #photography,6,3599.0,4628,119,3.0,67,94,12
IG0043,2025-08-21 22:01:00,Image,We just launched something new in art. Link in bio!,#marketing #fashion #art #ootd #business #startup,6,2909.0,4512,96,4.0,22,79,10
IG0044,2025-02-02 10:42:00,Reel,Behind the scenes of fashion — swipe to see more.,#photography #technology #lifestyle #fashion #business #ootd,6,6962.0,10967,379,15.0,112,121,14
IG0045,2024-02-21 08:24:00,Carousel,Why tech matters more than you think.,#reels #technology #nature #delhi #business,5,6953.0,10393,309,10.0,26,155,21
IG0046,2025-07-06 01:22:00,Image,We just launched something new in travel. Link in bio!,#foodie #travel #fashion,3,2312.0,2708,62,2.0,8,12,2
IG0047,2025-04-29 21:07:00,Reel,Behind the scenes of food — swipe to see more.,#technology #motivation #art,3,7922.0,9036,474,28.0,110,164,34
IG0048,2025-08-15 00:59:00,Video,We just launched something new in fitness. Link in bio!,#mumbai #business #instagood #reels,4,2697.0,4014,85,2.0,54,17,2
IG0049,2025-09-06 03:50:00,Reel,Why business matters more than you think.,,0,4002.0,4639,198,8.0,98,120,29
IG0050,2024-01-13 13:52:00,Reel,,#fitness #startup #art #technology #lifestyle #reels #foodie,7,8514.0,10317,473,5.0,265,56,12
IG0051,2024-11-26 07:53:00,Carousel,We just launched something new in wellness. Link in bio!,#motivation,1,5905.0,8039,252,11.0,75,147,24
IG0052,2024-12-10 00:31:00,Image,A day in the life: business edition.,#photography #marketing #reels #art #motivation,5,12141.0,15038,218,7.0,101,227,14
IG0053,2024-01-11 16:12:00,Video,,#explorepage,1,1398.0,2106,56,1.0,28,38,9
IG0054,2025-12-29 15:28:00,Image,A day in the life: fitness edition.,,0,1761.0,2758,101,1.0,4,23,4
IG0055,2025-08-18 11:30:00,Video,A day in the life: tech edition.,#india #art #startup #nature #mumbai #marketing #explorepage #lifestyle,8,4711.0,6079,104,5.0,88,81,10
IG0056,2025-07-02 22:11:00,Reel,Behind the scenes of tech — swipe to see more.,#reels #marketing #motivation,3,5842.0,8672,360,18.0,60,141,10
IG0057,2024-11-05 00:45:00,Video,Behind the scenes of wellness — swipe to see more.,#lifestyle #motivation #travel #delhi #ootd #art #foodie #nature,8,1886.0,2708,79,2.0,8,43,6
IG0058,2025-03-27 10:11:00,Image,,,0,6964.0,9582,216,11.0,64,46,2
IG0059,2025-08-13 20:43:00,Image,5 tips every beginner should know about food.,,0,8258.0,9963,309,3.0,68,156,20
IG0060,2024-09-11 03:35:00,Carousel,A day in the life: wellness edition.,#instagood #explorepage #india #business #technology #marketing,6,3924.0,5324,209,6.0,64,128,30
IG0061,2025-09-27 01:39:00,Reel,A day in the life: travel edition.,#reels,1,5778.0,7101,374,22.0,100,109,19
IG0062,2024-03-17 05:00:00,Reel,,#technology #marketing #ootd #travel #explorepage #lifestyle,6,7126.0,8486,297,16.0,120,239,20
IG0063,2025-10-02 18:42:00,Reel,5 tips every beginner should know about travel.,#startup #fitness #delhi,3,3720.0,4256,163,5.0,34,76,11
IG0064,2024-06-18 09:38:00,Carousel,A day in the life: art edition.,#technology #fitness #instagood #ootd,4,3097.0,4759,148,1.0,27,95,18
IG0065,2024-02-10 13:47:00,Reel,A day in the life: fashion edition.,#instagood #motivation #fashion #foodie #explorepage,5,4311.0,5786,175,4.0,71,159,9
IG0066,2025-06-15 20:28:00,Reel,,#photography #mumbai #startup #marketing,4,7999.0,10845,477,7.0,128,222,21
IG0067,2024-06-13 10:26:00,Reel,Big announcement coming soon about tech!,#ootd #business #delhi #travel #technology #india #photography,7,5256.0,6628,267,7.0,34,227,38
IG0068,2024-01-02 21:55:00,Carousel,Check out our latest wellness update! What do you think?,#technology #startup #travel #reels #art #ootd #business #explorepage,8,4531.0,5181,272,10.0,87,83,6
IG0069,2025-03-24 22:31:00,Reel,,#fashion,1,12552.0,17389,467,27.0,259,188,13
IG0070,2024-08-18 03:29:00,Reel,A day in the life: wellness edition.,#lifestyle,1,4073.0,4860,189,3.0,118,33,5
IG0071,2025-04-28 07:29:00,Reel,Big announcement coming soon about art!,#lifestyle #business #reels #india #instagood #startup #travel #marketing,8,7220.0,11066,420,9.0,58,243,57
IG0072,2024-10-16 23:19:00,Carousel,,#lifestyle #technology #delhi #marketing #art #photography #motivation,7,1817.0,2697,80,2.0,21,37,3
IG0073,2024-09-01 18:24:00,Reel,Why wellness matters more than you think.,#startup #travel #nature,3,2519.0,3502,151,5.0,46,17,1
IG0074,2024-06-04 15:02:00,Reel,Behind the scenes of business — swipe to see more.,#india #mumbai,2,10132.0,12435,505,24.0,206,255,33
IG0075,2025-04-12 00:46:00,Reel,,#startup #lifestyle,2,6395.0,7613,323,15.0,126,263,20
IG0076,2025-02-11 20:05:00,Image,We just launched something new in fitness. Link in bio!,#delhi #business #nature #marketing #travel,5,2784.0,3291,72,3.0,31,35,7
IG0077,2024-04-02 13:06:00,Reel,A day in the life: food edition.,#technology,1,5076.0,6540,361,9.0,125,134,12
IG0078,2024-10-27 11:23:00,Image,Behind the scenes of food — swipe to see more.,#lifestyle #explorepage #india #startup #photography #foodie,6,5745.0,8923,25,0.0,108,114,13
IG0079,2025-05-24 18:09:00,Reel,Check out our latest tech update! What do you think?,#technology #motivation #instagood,3,7709.0,10536,599,29.0,58,140,13
IG0080,2025-07-13 05:04:00,Image,We just launched something new in tech. Link in bio!,#art #mumbai #ootd #startup #motivation #explorepage #india,7,3787.0,5609,97,2.0,63,22,4
IG0081,2025-01-25 18:22:00,Reel,Check out our latest fashion update! What do you think?,#ootd #fashion #business #motivation,4,11823.0,13891,548,25.0,283,384,72
IG0082,2024-10-20 07:38:00,Carousel,A day in the life: fashion edition.,#explorepage #reels #motivation #lifestyle #fitness,5,2973.0,3540,81,3.0,34,57,13
IG0083,2024-05-14 02:58:00,Reel,Big announcement coming soon about food!,#nature #startup #photography #reels,4,6433.0,9043,507,27.0,193,187,35
IG0084,2024-09-20 15:51:00,Video,We just launched something new in food. Link in bio!,#nature #fitness #technology #foodie,4,2592.0,3598,106,3.0,43,80,18
IG0085,2025-07-24 11:05:00,Carousel,Why tech matters more than you think.,#fashion #motivation #delhi #fitness #technology #photography,6,18387.0,23893,781,20.0,378,71,8
IG0086,2024-08-27 15:01:00,Reel,Check out our latest food update! What do you think?,#nature #explorepage #foodie #technology #ootd #instagood #reels #travel,8,9161.0,11663,496,23.0,148,132,18
IG0087,2024-04-09 07:56:00,Reel,Why food matters more than you think.,#lifestyle #business #technology #art #startup #ootd #india #marketing,8,5804.0,7600,244,6.0,115,186,9
IG0088,2024-10-13 01:44:00,Carousel,Big announcement coming soon about fitness!,#reels #technology #mumbai #explorepage #art,5,3925.0,4484,117,4.0,62,23,4
IG0089,2025-02-11 08:12:00,Reel,We just launched something new in fitness. Link in bio!,#technology,1,5468.0,6536,278,9.0,106,41,8
IG0090,2024-12-07 07:08:00,Carousel,We just launched something new in travel. Link in bio!,#foodie #delhi #reels,3,1059.0,1377,58,1.0,6,34,8
IG0091,2024-01-03 08:54:00,Reel,5 tips every beginner should know about tech.,#lifestyle #delhi,2,9212.0,12015,313,5.0,219,306,16
IG0092,2025-01-01 07:37:00,Reel,Behind the scenes of art — swipe to see more.,#fashion #photography #motivation #travel #lifestyle,5,8663.0,9614,320,15.0,72,285,27
IG0093,2025-06-09 18:06:00,Reel,Check out our latest fashion update! What do you think?,#india #explorepage #travel #instagood #ootd #mumbai #nature,7,9114.0,13924,424,12.0,204,124,13
IG0094,2024-04-20 15:45:00,Image,Why business matters more than you think.,#foodie #instagood #nature #lifestyle #mumbai #marketing #india,7,4356.0,5709,65,3.0,35,43,5
IG0095,2025-09-11 13:06:00,Carousel,Why travel matters more than you think.,#delhi,1,6899.0,9001,159,5.0,62,246,49
IG0096,2025-04-09 12:26:00,Reel,Big announcement coming soon about art!,#nature,1,5706.0,8828,423,13.0,21,93,14
IG0097,2025-04-30 02:05:00,Carousel,Behind the scenes of art — swipe to see more.,#foodie,1,3231.0,4902,127,4.0,20,41,2
IG0098,2024-03-02 18:35:00,Image,A day in the life: tech edition.,#nature #fitness #startup #art #delhi #marketing #india #fashion,8,4055.0,5016,70,2.0,68,34,1
IG0099,2025-11-03 15:14:00,Reel,Behind the scenes of business — swipe to see more.,#art,1,14204.0,20347,987,54.0,216,303,46
IG0100,2025-07-28 19:39:00,Reel,Big announcement coming soon about business!,#fashion #motivation #instagood #photography #mumbai #art #business #lifestyle,8,7744.0,8838,364,,111,133,16
IG0101,2025-02-14 02:09:00,Image,We just launched something new in fitness. Link in bio!,,0,4992.0,6679,38,2.0,75,43,2
IG0102,2024-11-15 23:20:00,Reel,5 tips every beginner should know about food.,#travel,1,4244.0,5721,246,6.0,107,39,2
IG0103,2025-03-29 21:27:00,Image,Big announcement coming soon about fitness!,#instagood #technology #startup #motivation #reels #business #india,7,10788.0,14212,295,15.0,176,234,24
IG0104,2025-05-13 16:42:00,Carousel,We just launched something new in fashion. Link in bio!,#travel #explorepage #business #instagood,4,3050.0,4753,105,6.0,38,30,4
IG0105,2024-09-18 09:20:00,Image,Why wellness matters more than you think.,#fashion,1,5705.0,8154,224,11.0,37,92,8
IG0106,2025-05-27 17:53:00,Video,Behind the scenes of wellness — swipe to see more.,#foodie #business #travel #startup #fashion,5,5072.0,6037,188,10.0,14,121,13
IG0107,2025-12-27 20:26:00,Video,,#fitness #business #fashion #nature,4,7452.0,11343,235,12.0,21,156,14
IG0108,2024-04-18 07:27:00,Reel,5 tips every beginner should know about business.,#india #foodie #business #ootd #nature #fitness,6,6582.0,8358,340,4.0,80,184,38
IG0109,2024-07-17 11:22:00,Reel,A day in the life: food edition.,#explorepage #fitness,2,9388.0,13217,517,5.0,265,53,11
IG0110,2025-11-02 02:11:00,Carousel,,#technology #mumbai #instagood #nature #india #foodie #explorepage,7,3424.0,4587,207,11.0,84,101,13
IG0111,2024-02-27 11:32:00,Carousel,,#ootd,1,2816.0,3253,138,3.0,25,32,1
IG0112,2025-10-22 02:39:00,Reel,Big announcement coming soon about travel!,#business #technology #delhi #travel #mumbai #marketing #instagood #ootd,8,5715.0,7384,346,7.0,174,221,15
IG0113,2025-04-06 03:51:00,Reel,,#foodie #india #photography #travel #explorepage,5,20751.0,24559,1083,23.0,629,681,116
IG0114,2024-10-16 12:26:00,Carousel,Why fitness matters more than you think.,#instagood #travel #nature #foodie #delhi,5,3204.0,3877,100,4.0,33,18,4
IG0115,2025-09-09 04:21:00,Image,Big announcement coming soon about food!,#mumbai,1,2964.0,4384,45,0.0,49,26,2
IG0116,2024-05-12 19:45:00,Carousel,Big announcement coming soon about art!,#ootd,1,10660.0,12213,739,17.0,57,359,86
IG0117,2025-12-02 16:05:00,Image,Big announcement coming soon about travel!,#india #art #fashion #mumbai #ootd #foodie,6,4909.0,6751,193,5.0,42,49,9
IG0118,2024-05-20 04:04:00,Carousel,Big announcement coming soon about fashion!,#fitness #india #delhi #mumbai,4,3423.0,5222,149,5.0,54,108,12
IG0119,2024-06-06 05:11:00,Carousel,Big announcement coming soon about art!,#technology #travel,2,1847.0,2843,92,3.0,39,60,11
IG0120,2024-10-18 23:50:00,Image,Big announcement coming soon about travel!,#explorepage #delhi #instagood #ootd #marketing #technology #startup,7,6546.0,9225,309,5.0,116,173,9
IG0121,2024-10-15 12:32:00,Image,Behind the scenes of business — swipe to see more.,#startup #photography #reels #lifestyle #motivation #fashion #nature #explorepage,8,2970.0,4371,52,2.0,50,49,2
IG0122,2024-03-26 05:17:00,Reel,Check out our latest business update! What do you think?,#india #lifestyle #startup #foodie #explorepage #delhi #marketing,7,6471.0,9162,340,14.0,121,249,17
IG0123,2025-01-30 02:23:00,Image,5 tips every beginner should know about business.,#fashion #nature #fitness,3,4894.0,6219,153,8.0,18,138,25
IG0124,2025-12-13 04:48:00,Reel,Why food matters more than you think.,#technology #fashion #foodie #mumbai #motivation #fitness #startup,7,10514.0,11919,451,12.0,221,71,15
IG0125,2024-02-18 07:26:00,Video,Why tech matters more than you think.,#foodie #fitness #marketing #fashion #explorepage #art #instagood,7,4901.0,5451,118,,58,128,23
IG0126,2024-07-10 21:42:00,Carousel,Behind the scenes of business — swipe to see more.,#india,1,2052.0,2425,28,1.0,15,13,2
IG0127,2025-06-03 17:01:00,Carousel,Big announcement coming soon about fashion!,#marketing #travel #business #art #motivation #india,6,4027.0,6329,103,4.0,46,52,12
IG0128,2025-10-05 03:49:00,Reel,,#lifestyle #travel #art #nature #photography,5,5101.0,6154,271,11.0,70,214,30
IG0129,2025-04-13 01:18:00,Video,A day in the life: business edition.,#travel #reels #instagood,3,4645.0,6913,153,7.0,80,101,7
IG0130,2024-09-16 01:48:00,Reel,A day in the life: business edition.,#ootd #art #travel,3,6490.0,9723,415,6.0,44,223,30
IG0131,2025-03-26 12:21:00,Reel,A day in the life: business edition.,#marketing #instagood,2,3875.0,5390,201,10.0,47,94,4
IG0132,2025-09-08 05:34:00,Reel,A day in the life: tech edition.,#nature #fitness #foodie #instagood,4,4542.0,6358,105,4.0,127,174,10
IG0133,2025-03-30 11:28:00,Carousel,Why business matters more than you think.,,0,3937.0,6272,128,4.0,64,108,17
IG0134,2024-03-17 21:40:00,Reel,Check out our latest wellness update! What do you think?,#art #india #photography #fashion #lifestyle #startup,6,6532.0,7472,184,2.0,35,143,10
IG0135,2025-01-05 12:36:00,Carousel,,,0,7840.0,9408,352,5.0,131,216,12
IG0136,2025-08-10 04:33:00,Video,5 tips every beginner should know about fashion.,#business #nature #motivation #explorepage #fitness,5,4138.0,6018,115,5.0,74,55,11
IG0137,2024-09-25 08:45:00,Reel,,#reels #ootd #marketing #instagood #fitness #foodie #startup,7,6204.0,9359,413,17.0,113,225,14
IG0138,2025-11-29 10:42:00,Reel,5 tips every beginner should know about food.,#foodie #delhi #mumbai #ootd #india,5,4071.0,6252,186,10.0,52,51,10
IG0139,2024-07-24 04:15:00,Carousel,Behind the scenes of food — swipe to see more.,#fashion #art #delhi #mumbai #technology #business #motivation,7,23246.0,33929,861,51.0,567,597,53
IG0140,2025-05-05 16:26:00,Carousel,Big announcement coming soon about wellness!,#mumbai #foodie #lifestyle #nature #instagood #explorepage,6,3950.0,6059,81,3.0,47,60,7
IG0141,2025-08-24 05:49:00,Video,Behind the scenes of fashion — swipe to see more.,#startup #india,2,1696.0,2480,100,5.0,33,26,2
IG0142,2025-12-27 07:22:00,Carousel,5 tips every beginner should know about fitness.,#ootd #foodie #motivation #reels #delhi #mumbai #nature #lifestyle,8,10252.0,15035,546,25.0,235,100,9
IG0143,2025-10-01 23:57:00,Video,We just launched something new in tech. Link in bio!,#mumbai #travel #fashion #foodie #instagood,5,4785.0,6441,136,7.0,52,88,10
IG0144,2025-05-24 20:34:00,Carousel,,#ootd #marketing #explorepage #business,4,3728.0,5907,93,3.0,36,111,8
IG0145,2025-05-10 14:13:00,Video,5 tips every beginner should know about art.,#instagood #lifestyle #nature #delhi #art,5,1702.0,1934,47,1.0,15,47,6
IG0146,2024-09-04 14:07:00,Reel,A day in the life: fashion edition.,#technology #explorepage #lifestyle #fitness,4,13298.0,15738,810,9.0,324,445,64
IG0147,2024-06-12 10:59:00,Image,A day in the life: wellness edition.,#reels #photography #marketing #india #technology,5,4444.0,6817,191,2.0,30,20,3
IG0148,2025-04-13 07:13:00,Video,Check out our latest tech update! What do you think?,#travel #instagood #ootd #marketing #india,5,5992.0,7538,197,2.0,30,195,47
IG0149,2025-01-09 12:23:00,Reel,Check out our latest art update! What do you think?,,0,6289.0,9647,379,13.0,108,211,16
IG0150,2024-03-16 12:32:00,Reel,Big announcement coming soon about business!,#delhi #motivation #fitness #lifestyle #instagood #reels #photography,7,10716.0,12869,468,27.0,63,362,50
IG0151,2025-05-27 01:02:00,Image,Big announcement coming soon about food!,,0,4919.0,7472,98,4.0,53,96,21
IG0152,2025-06-11 04:20:00,Carousel,,#photography #business #ootd #nature #marketing,5,8359.0,10096,485,14.0,143,61,11
IG0153,2025-03-02 18:19:00,Video,A day in the life: wellness edition.,,0,6961.0,10380,217,10.0,136,106,12
IG0154,2025-08-14 07:46:00,Carousel,5 tips every beginner should know about wellness.,,0,6321.0,9474,309,15.0,32,139,7
IG0155,2025-01-24 04:52:00,Reel,Check out our latest travel update! What do you think?,#travel #mumbai #fitness,3,2884.0,4175,96,3.0,28,60,5
IG0156,2024-07-27 13:32:00,Reel,Big announcement coming soon about art!,#travel #lifestyle #india #reels #nature #marketing #explorepage,7,14373.0,20262,970,28.0,403,391,57
IG0157,2025-07-13 11:43:00,Reel,A day in the life: tech edition.,#instagood #marketing #reels #explorepage,4,3083.0,4006,112,4.0,63,116,24
IG0158,2024-10-22 22:13:00,Image,Why art matters more than you think.,#nature #marketing #art #motivation #ootd #travel #mumbai,7,5527.0,6752,202,2.0,104,69,4
IG0159,2024-10-24 01:18:00,Carousel,A day in the life: wellness edition.,#art,1,2819.0,3534,85,3.0,26,68,13
IG0160,2024-10-04 17:44:00,Reel,We just launched something new in fashion. Link in bio!,#lifestyle #fitness #explorepage #delhi,4,3393.0,4039,185,3.0,62,120,8
IG0161,2025-04-28 03:43:00,Carousel,Why food matters more than you think.,#fashion #delhi,2,9815.0,13496,349,14.0,234,236,50
IG0162,2025-10-28 06:48:00,Image,Check out our latest travel update! What do you think?,#nature #ootd #travel #foodie,4,2474.0,3477,51,2.0,45,31,3
IG0163,2024-06-29 01:53:00,Image,Big announcement coming soon about fitness!,#marketing #photography #ootd #travel #fashion #lifestyle,6,5662.0,7427,133,1.0,74,86,14
IG0164,2025-05-20 04:54:00,Reel,5 tips every beginner should know about tech.,#technology #motivation #reels #fitness #nature #foodie #art #explorepage,8,8255.0,9975,452,,179,256,40
IG0165,2025-11-21 06:11:00,Reel,5 tips every beginner should know about fitness.,#startup #india #nature #foodie #business #delhi,6,13000.0,17528,489,8.0,301,289,39
IG0166,2024-01-07 08:24:00,Image,Check out our latest tech update! What do you think?,#technology #motivation #nature,3,4978.0,6158,226,3.0,90,40,4
IG0167,2025-11-14 03:29:00,Reel,A day in the life: fitness edition.,#photography #business #india #ootd,4,4219.0,5735,199,9.0,41,118,26
IG0168,2025-05-04 04:29:00,Carousel,,#startup #delhi #marketing #reels #explorepage,5,1520.0,1925,72,4.0,26,34,6
IG0169,2024-04-24 01:53:00,Carousel,Behind the scenes of wellness — swipe to see more.,#india #reels #delhi #lifestyle #photography #marketing #startup #motivation,8,4799.0,7576,142,6.0,33,104,7
IG0170,2025-06-06 14:51:00,Carousel,5 tips every beginner should know about wellness.,,0,3036.0,4348,183,10.0,23,52,4
IG0171,2025-04-18 21:51:00,Video,Behind the scenes of travel — swipe to see more.,#fashion #business #motivation #instagood,4,4169.0,6341,184,7.0,16,107,8
IG0172,2024-03-02 02:59:00,Image,Big announcement coming soon about art!,#travel #ootd #startup #photography #lifestyle #business #nature,7,5374.0,6008,214,4.0,45,28,6
IG0173,2025-01-21 12:05:00,Carousel,Check out our latest travel update! What do you think?,#lifestyle #art #fitness #photography #business #motivation #foodie #mumbai,8,2854.0,3777,59,2.0,66,58,14
IG0174,2025-07-11 13:34:00,Image,Behind the scenes of travel — swipe to see more.,#explorepage #instagood #technology #art #lifestyle #marketing,6,3808.0,4913,118,6.0,62,92,10
IG0175,2024-01-17 07:13:00,Reel,,#fitness,1,3031.0,4387,148,8.0,65,122,9
IG0176,2024-02-15 12:28:00,Image,A day in the life: food edition.,#delhi #reels #travel,3,3591.0,5038,153,2.0,39,49,3
IG0177,2025-08-14 19:49:00,Reel,A day in the life: art edition.,#explorepage #ootd #lifestyle #india #instagood,5,7702.0,10137,411,14.0,122,72,12
IG0178,2024-06-28 20:43:00,Reel,Why business matters more than you think.,#delhi #marketing #travel #art #business #mumbai,6,13519.0,15898,858,42.0,222,98,24
IG0179,2025-07-04 15:15:00,Reel,Why fashion matters more than you think.,#ootd #lifestyle #technology,3,4272.0,4958,203,3.0,98,32,4
IG0180,2024-09-05 08:13:00,Video,A day in the life: fashion edition.,#foodie #technology #art #instagood #reels,5,5093.0,6382,257,9.0,54,36,8
IG0181,2024-03-15 06:51:00,Carousel,Behind the scenes of travel — swipe to see more.,#reels #marketing #instagood #nature #ootd #technology #fashion #fitness,8,3443.0,4500,95,4.0,68,14,1
IG0182,2025-12-13 19:45:00,Carousel,A day in the life: business edition.,#business #explorepage #delhi,3,3370.0,4608,143,1.0,26,123,25
IG0183,2024-09-24 11:32:00,Video,Check out our latest art update! What do you think?,#technology #fitness #marketing #nature #reels #photography #instagood,7,2318.0,3184,77,4.0,9,41,3
IG0184,2024-09-24 17:59:00,Reel,,#ootd #lifestyle #reels #nature #explorepage #delhi,6,5296.0,6820,398,13.0,136,229,55
IG0185,2025-05-15 23:41:00,Image,5 tips every beginner should know about wellness.,#technology #photography #art #mumbai #lifestyle #delhi #motivation,7,6824.0,8999,99,5.0,18,186,26
IG0186,2024-03-01 16:02:00,Carousel,Why fashion matters more than you think.,#travel,1,6845.0,9708,313,4.0,96,60,11
IG0187,2024-06-03 00:13:00,Carousel,Check out our latest art update! What do you think?,#technology #art #travel #marketing #india #fashion #instagood #motivation,8,4012.0,4583,176,,16,16,3
IG0188,2024-10-20 00:32:00,Image,A day in the life: travel edition.,#photography #fitness #mumbai #india #lifestyle #delhi,6,1735.0,2211,32,1.0,9,13,0
IG0189,2025-01-17 12:29:00,Carousel,Behind the scenes of fashion — swipe to see more.,#explorepage #ootd #foodie,3,2960.0,3286,138,8.0,27,87,15
IG0190,2025-10-14 00:44:00,Reel,Big announcement coming soon about art!,#foodie #marketing,2,4878.0,6865,270,11.0,90,32,7
IG0191,2025-06-24 01:14:00,Image,Behind the scenes of fashion — swipe to see more.,#mumbai #marketing #motivation,3,8107.0,11950,458,19.0,34,98,23
IG0192,2025-11-04 01:11:00,Reel,5 tips every beginner should know about tech.,#fashion #reels #lifestyle #business #foodie,5,3279.0,4327,101,5.0,33,32,2
IG0193,2025-11-24 17:21:00,Image,We just launched something new in art. Link in bio!,#lifestyle #foodie #india #art #travel #marketing,6,1741.0,2625,78,4.0,32,17,3
IG0194,2025-09-01 12:49:00,Carousel,Why business matters more than you think.,#fashion #motivation #technology #marketing #explorepage,5,5962.0,8872,310,5.0,88,220,52
IG0195,2024-03-28 19:18:00,Reel,Why food matters more than you think.,#foodie #instagood #motivation,3,5530.0,8090,321,6.0,98,227,44
IG0196,2024-11-20 11:06:00,Carousel,,#fashion,1,5195.0,6487,390,17.0,115,131,26
IG0197,2024-07-10 13:28:00,Reel,,#delhi #india #startup #fitness #fashion #travel #photography #motivation,8,5075.0,6208,293,17.0,30,112,23
IG0198,2024-03-27 23:57:00,Reel,A day in the life: tech edition.,#explorepage #mumbai #india #photography #business #foodie #technology #lifestyle,8,14595.0,20549,815,22.0,376,419,21
IG0199,2025-03-07 09:30:00,Image,We just launched something new in tech. Link in bio!,#art,1,1640.0,1926,24,1.0,32,21,2
IG0200,2025-04-13 03:08:00,Image,,#fashion #business #nature #mumbai,4,4119.0,5337,167,7.0,8,81,9
IG0201,2025-08-31 04:19:00,Image,Big announcement coming soon about art!,#instagood #reels #marketing #nature #photography,5,4022.0,5391,79,1.0,50,73,11
IG0202,2025-08-12 07:20:00,Carousel,Check out our latest food update! What do you think?,#motivation #business #art #fitness #reels #ootd,6,7993.0,9870,416,14.0,33,45,5
IG0203,2025-03-24 09:53:00,Image,5 tips every beginner should know about wellness.,#startup,1,6132.0,8331,232,4.0,48,90,6
IG0204,2025-03-09 12:04:00,Reel,Behind the scenes of business — swipe to see more.,#instagood #marketing #business #india #startup #motivation #fashion,7,13391.0,21414,933,39.0,205,432,89
IG0205,2024-06-19 20:39:00,Reel,Big announcement coming soon about art!,,0,,14145,571,22.0,93,223,26
IG0206,2024-09-21 07:32:00,Reel,Big announcement coming soon about food!,#delhi #mumbai #explorepage #technology #art #reels #instagood #business,8,6294.0,7863,227,5.0,98,267,58
IG0207,2024-03-28 03:53:00,Reel,,#art #ootd,2,5241.0,7030,349,4.0,126,137,18
IG0208,2024-04-09 14:46:00,Image,Behind the scenes of business — swipe to see more.,#nature #foodie #ootd #travel #fitness #fashion #startup,7,2614.0,3672,85,4.0,36,75,4
IG0209,2024-09-06 16:11:00,Reel,5 tips every beginner should know about food.,#photography #nature #delhi #startup #technology #fitness #business #reels,8,3404.0,4164,163,3.0,37,128,17
IG0210,2025-09-20 06:28:00,Image,Behind the scenes of fitness — swipe to see more.,#business #fashion #reels #delhi #motivation #instagood,6,3598.0,4018,65,3.0,16,62,8
IG0211,2024-07-20 14:07:00,Reel,Behind the scenes of art — swipe to see more.,#marketing #india #nature #business,4,6673.0,9209,414,5.0,101,107,20
IG0212,2025-11-20 22:51:00,Video,Behind the scenes of business — swipe to see more.,#instagood #mumbai #foodie #lifestyle,4,6199.0,7432,113,3.0,132,132,15
IG0213,2024-05-24 16:24:00,Reel,5 tips every beginner should know about food.,#instagood #lifestyle #business #startup #photography #explorepage,6,4606.0,5644,241,9.0,84,44,9
IG0214,2025-04-06 19:03:00,Image,Why wellness matters more than you think.,#fashion #marketing #lifestyle #reels #business,5,4011.0,5502,90,2.0,43,29,6
IG0215,2025-05-15 05:05:00,Image,A day in the life: travel edition.,,0,2845.0,3715,163,6.0,8,47,9
IG0216,2025-04-13 18:47:00,Carousel,Check out our latest business update! What do you think?,#delhi #india #fitness #instagood #motivation #business #marketing,7,3190.0,3771,93,4.0,45,34,7
IG0217,2025-03-11 03:47:00,Image,Big announcement coming soon about tech!,#ootd #travel #technology,3,2986.0,3958,120,5.0,7,14,1
IG0218,2024-04-30 07:13:00,Image,Check out our latest travel update! What do you think?,#instagood #startup #photography #lifestyle #reels,5,3296.0,3799,240,12.0,29,78,18
IG0219,2024-06-21 10:45:00,Reel,5 tips every beginner should know about fitness.,#ootd #mumbai #motivation #india,4,2128.0,3184,125,5.0,55,46,10
IG0220,2024-10-10 20:08:00,Carousel,We just launched something new in business. Link in bio!,#explorepage #lifestyle,2,5941.0,8891,170,8.0,135,77,18
IG0221,2025-08-14 20:17:00,Reel,Big announcement coming soon about tech!,#business #technology #foodie #delhi #instagood #motivation,6,4313.0,6672,217,3.0,68,135,9
IG0222,2024-04-05 23:29:00,Image,,#foodie #delhi #business #reels #startup,5,3689.0,5841,172,10.0,51,74,6
IG0223,2025-08-14 04:36:00,Image,,#nature #travel #mumbai #fitness #technology #fashion #delhi,7,1893.0,2094,50,1.0,28,51,3
IG0224,2025-12-06 04:56:00,Image,Behind the scenes of tech — swipe to see more.,#photography #motivation #foodie #art,4,4385.0,6619,115,5.0,33,68,14
IG0225,2025-02-09 20:19:00,Carousel,We just launched something new in fashion. Link in bio!,#startup #foodie #fitness,3,4328.0,6553,50,0.0,80,136,9
IG0226,2025-11-27 14:00:00,Reel,Behind the scenes of business — swipe to see more.,,0,4696.0,6223,216,9.0,99,94,20
IG0227,2024-03-13 07:24:00,Carousel,Big announcement coming soon about fitness!,#fitness,1,4647.0,5405,205,5.0,83,28,2
IG0228,2024-05-16 20:43:00,Image,5 tips every beginner should know about fashion.,#foodie #india,2,5027.0,6231,123,5.0,56,56,5
IG0229,2024-06-04 13:39:00,Reel,Big announcement coming soon about art!,#reels #foodie #fitness #lifestyle #delhi #ootd #art,7,10257.0,16094,428,20.0,265,343,35
IG0230,2024-10-10 20:05:00,Image,We just launched something new in tech. Link in bio!,#delhi #ootd #fashion,3,5270.0,6089,280,9.0,92,93,11
IG0231,2024-10-29 20:03:00,Video,,#marketing #business #fitness,3,3612.0,4049,83,4.0,27,103,11
IG0232,2024-01-13 11:59:00,Image,Behind the scenes of wellness — swipe to see more.,#lifestyle #business #startup #art #photography,5,5466.0,6061,227,,40,138,14
IG0233,2024-02-10 01:50:00,Image,Behind the scenes of art — swipe to see more.,#india #ootd #instagood #startup #delhi #art,6,4388.0,6013,85,1.0,9,68,7
IG0234,2024-03-26 09:05:00,Carousel,A day in the life: fitness edition.,#reels #lifestyle #delhi #nature #business #ootd #india #marketing,8,2549.0,3751,61,3.0,55,67,11
IG0235,2024-02-29 07:05:00,Image,5 tips every beginner should know about fashion.,#fitness #technology #travel #ootd #photography #delhi,6,5452.0,6091,119,7.0,94,93,5
IG0236,2025-06-19 16:50:00,Image,Check out our latest fitness update! What do you think?,#photography #art #lifestyle #motivation,4,2186.0,2507,78,3.0,37,58,9
IG0237,2024-09-26 22:36:00,Carousel,Big announcement coming soon about wellness!,#marketing,1,1681.0,2214,57,2.0,37,31,5
IG0238,2024-06-10 08:49:00,Carousel,,#mumbai,1,11216.0,13669,565,8.0,125,226,40
IG0239,2024-01-13 07:02:00,Video,We just launched something new in art. Link in bio!,#art #business #lifestyle #photography #travel #motivation #mumbai,7,9034.0,12224,389,5.0,65,126,18
IG0240,2024-10-04 02:36:00,Reel,Why fashion matters more than you think.,#fitness #india #travel #photography #explorepage,5,4600.0,7294,205,6.0,40,143,15
IG0241,2024-11-14 10:05:00,Reel,,#technology #fashion #art #reels #ootd #marketing #business #lifestyle,8,5204.0,5744,268,3.0,32,101,21
IG0242,2024-07-19 23:57:00,Carousel,Big announcement coming soon about fashion!,#explorepage #lifestyle #fashion #startup #delhi #fitness #motivation #photography,8,1622.0,2539,66,,26,12,1
IG0243,2024-11-10 03:13:00,Carousel,We just launched something new in fashion. Link in bio!,#explorepage #startup #marketing #travel #lifestyle #art #delhi #india,8,4504.0,6535,274,4.0,39,76,10
IG0244,2025-01-16 14:47:00,Reel,5 tips every beginner should know about fitness.,#mumbai,1,6747.0,9472,397,20.0,207,271,13
IG0245,2024-03-04 13:42:00,Carousel,Big announcement coming soon about tech!,#explorepage #ootd,2,4928.0,7112,147,4.0,62,79,5
IG0246,2024-11-30 10:28:00,Reel,5 tips every beginner should know about fitness.,#explorepage #foodie #reels #lifestyle,4,5419.0,6178,294,16.0,121,184,22
IG0247,2024-05-03 17:22:00,Carousel,Behind the scenes of tech — swipe to see more.,#technology #ootd #instagood,3,5099.0,7836,270,4.0,116,30,4
IG0248,2025-12-22 22:38:00,Reel,Big announcement coming soon about travel!,,0,5720.0,7135,299,11.0,25,57,9
IG0249,2025-02-09 16:03:00,Reel,We just launched something new in wellness. Link in bio!,#motivation #photography #fashion #business,4,9325.0,14200,698,21.0,210,155,17
IG0250,2024-05-04 00:03:00,Image,Behind the scenes of business — swipe to see more.,#lifestyle #reels #business,3,7831.0,11834,225,12.0,76,90,14
IG0251,2024-01-23 02:12:00,Reel,Why food matters more than you think.,#lifestyle #foodie #nature #fitness #travel #explorepage #fashion,7,13934.0,20123,881,16.0,217,152,34
IG0252,2025-11-30 13:11:00,Reel,Check out our latest food update! What do you think?,#reels #photography #motivation #delhi #technology,5,11976.0,15213,786,23.0,145,407,69
IG0253,2025-05-25 13:56:00,Reel,Check out our latest travel update! What do you think?,#marketing #travel #foodie #motivation #business #delhi #reels #fitness,8,16486.0,19293,810,9.0,292,765,97
IG0254,2025-07-11 15:22:00,Reel,A day in the life: fashion edition.,#nature #business #motivation #photography #fashion #india #ootd #fitness,8,5549.0,6547,248,11.0,91,95,21
IG0255,2025-08-21 07:10:00,Reel,A day in the life: travel edition.,#explorepage,1,5533.0,8544,329,16.0,174,95,23
IG0256,2024-08-12 18:54:00,Reel,Check out our latest business update! What do you think?,#art #photography #mumbai #explorepage #nature #business,6,2455.0,3365,92,3.0,46,92,19
IG0257,2024-05-25 18:12:00,Carousel,We just launched something new in travel. Link in bio!,#delhi #ootd #photography #marketing #travel #india #fashion,7,2535.0,3035,67,,21,92,14
IG0258,2025-09-20 06:51:00,Reel,Check out our latest business update! What do you think?,#nature #photography,2,3229.0,4268,193,,47,154,34
IG0259,2024-04-23 16:55:00,Carousel,Big announcement coming soon about tech!,#foodie #art #business #fitness #nature,5,13380.0,16064,720,8.0,176,295,28
IG0260,2025-10-16 15:41:00,Video,A day in the life: art edition.,#photography #delhi #art #explorepage #instagood,5,4604.0,6292,200,3.0,82,32,6
IG0261,2024-01-02 22:36:00,Reel,,#mumbai #travel #photography #nature #explorepage #india,6,5439.0,8650,218,11.0,109,114,12
IG0262,2024-11-23 05:40:00,Reel,Check out our latest wellness update! What do you think?,#nature,1,4198.0,5690,304,11.0,118,198,26
IG0263,2024-09-19 03:46:00,Image,Why fashion matters more than you think.,,0,4573.0,7216,207,3.0,79,67,14
IG0264,2025-02-27 15:56:00,Image,5 tips every beginner should know about travel.,#art #delhi #business #fitness #marketing #mumbai,6,5046.0,7131,23,0.0,53,108,21
IG0265,2024-01-21 10:16:00,Carousel,5 tips every beginner should know about business.,#foodie,1,3632.0,4646,121,2.0,26,130,6
IG0266,2024-04-05 10:38:00,Video,We just launched something new in business. Link in bio!,#fashion #startup #photography #mumbai #delhi #instagood #travel,7,6765.0,8438,242,11.0,126,171,13
IG0267,2025-07-07 08:42:00,Image,,#ootd #explorepage #fitness #travel,4,5342.0,7922,258,10.0,19,86,5
IG0268,2024-10-28 21:40:00,Reel,,#reels #fitness #fashion #instagood #photography #nature #lifestyle,7,4018.0,5120,194,9.0,122,31,7
IG0269,2025-05-15 21:16:00,Carousel,5 tips every beginner should know about art.,#delhi,1,3527.0,4762,143,6.0,12,21,2
IG0270,2024-02-15 08:28:00,Reel,Behind the scenes of fitness — swipe to see more.,#motivation #explorepage #instagood #travel #lifestyle #business #art,7,3816.0,5730,181,5.0,111,71,10
IG0271,2025-08-26 07:35:00,Reel,Why art matters more than you think.,,0,6083.0,8526,326,13.0,41,262,39
IG0272,2025-08-09 07:30:00,Carousel,Behind the scenes of food — swipe to see more.,#foodie #business #travel #india,4,12251.0,13915,723,15.0,227,386,81
IG0273,2024-06-20 06:51:00,Carousel,Why fitness matters more than you think.,#lifestyle #travel #startup,3,2410.0,3585,94,3.0,21,19,3
IG0274,2025-09-01 08:20:00,Reel,Why art matters more than you think.,#foodie,1,3705.0,4075,258,3.0,41,130,8
IG0275,2024-01-13 22:39:00,Image,Behind the scenes of fitness — swipe to see more.,#startup #fitness #instagood #lifestyle #india #ootd #technology #delhi,8,2270.0,2612,96,2.0,38,26,5
IG0276,2025-07-02 11:56:00,Image,Why tech matters more than you think.,#motivation #business #marketing #delhi #travel #foodie,6,5813.0,7490,180,2.0,83,94,11
IG0277,2024-02-09 12:56:00,Carousel,Big announcement coming soon about fashion!,#explorepage #travel #marketing #motivation #art,5,6065.0,8692,204,9.0,144,166,18
IG0278,2025-05-18 22:43:00,Reel,A day in the life: food edition.,#explorepage,1,8173.0,9187,558,32.0,143,192,27
IG0279,2024-10-02 23:26:00,Reel,We just launched something new in wellness. Link in bio!,#reels,1,2690.0,3029,106,3.0,72,111,10
IG0280,2025-06-12 11:52:00,Carousel,Behind the scenes of food — swipe to see more.,,0,8059.0,9734,334,13.0,73,67,12
IG0281,2025-06-20 18:01:00,Image,We just launched something new in fashion. Link in bio!,#reels #instagood,2,6577.0,8534,84,1.0,118,70,8
IG0282,2024-07-22 08:23:00,Reel,5 tips every beginner should know about wellness.,#india #business #fitness #fashion #explorepage #photography #marketing,7,5958.0,7350,273,2.0,84,115,6
IG0283,2024-12-18 05:53:00,Reel,5 tips every beginner should know about fashion.,#foodie #ootd #fashion #business,4,5167.0,6728,112,4.0,18,128,31
IG0284,2024-08-14 20:14:00,Carousel,Check out our latest fashion update! What do you think?,#motivation #startup #india,3,2377.0,3534,139,5.0,58,18,0
IG0285,2024-01-09 07:16:00,Image,A day in the life: wellness edition.,#motivation #startup #business #art,4,3194.0,3937,91,2.0,50,54,6
IG0286,2025-09-30 12:37:00,Reel,A day in the life: business edition.,#fashion,1,6378.0,9717,316,17.0,164,245,34
IG0287,2024-10-10 20:20:00,Reel,Check out our latest travel update! What do you think?,#motivation #ootd #reels #lifestyle,4,4685.0,5688,233,7.0,115,118,7
IG0288,2025-11-07 10:43:00,Video,A day in the life: tech edition.,#fashion #marketing,2,4051.0,6406,134,3.0,26,36,2
IG0289,2025-08-20 22:36:00,Carousel,Big announcement coming soon about wellness!,#nature #explorepage #delhi,3,5650.0,6630,356,14.0,63,149,15
IG0290,2025-07-25 05:18:00,Reel,A day in the life: food edition.,#marketing,1,5121.0,6836,342,15.0,25,57,2
IG0291,2025-11-27 10:41:00,Carousel,We just launched something new in business. Link in bio!,#explorepage,1,2500.0,3947,97,2.0,34,66,4
IG0292,2024-12-05 11:16:00,Reel,,#technology #fitness #marketing #travel,4,5275.0,7244,377,4.0,42,126,11
IG0293,2025-01-25 16:19:00,Reel,5 tips every beginner should know about wellness.,#travel #lifestyle #mumbai #reels #nature #india,6,7452.0,9098,495,9.0,228,356,68
IG0294,2025-05-14 10:40:00,Video,,#nature #travel,2,1662.0,2191,67,0.0,24,53,4
IG0295,2024-06-11 15:50:00,Image,Why art matters more than you think.,#lifestyle,1,3694.0,5868,145,2.0,39,82,8
IG0296,2024-02-08 17:12:00,Carousel,We just launched something new in fashion. Link in bio!,#fashion #nature #india #reels #instagood,5,2689.0,3717,133,4.0,7,10,1
IG0297,2024-04-15 12:32:00,Video,,#photography #foodie #travel #ootd,4,5659.0,6853,96,5.0,94,34,4
IG0298,2025-12-04 04:21:00,Reel,We just launched something new in food. Link in bio!,#art #reels #photography #business #fashion #fitness #technology,7,18487.0,21431,915,27.0,548,881,51
IG0299,2025-01-10 22:41:00,Image,A day in the life: art edition.,,0,1738.0,2567,17,0.0,21,21,4
IG0300,2024-02-19 21:06:00,Reel,Behind the scenes of fashion — swipe to see more.,,0,1971.0,2815,123,2.0,58,18,2
IG0301,2025-04-30 22:09:00,Reel,A day in the life: fitness edition.,#fashion #ootd #startup,3,6552.0,8132,382,14.0,103,195,29
IG0302,2024-04-17 16:46:00,Image,Behind the scenes of fitness — swipe to see more.,#ootd,1,2220.0,3434,31,1.0,21,53,7
IG0303,2025-06-19 06:22:00,Carousel,,#ootd #photography #travel #marketing #reels #art,6,5699.0,6799,130,6.0,40,35,2
IG0304,2024-04-23 18:42:00,Video,,#lifestyle #foodie #india #mumbai #fitness #technology #instagood,7,956.0,1439,37,0.0,15,25,4
IG0305,2024-04-12 05:55:00,Reel,Big announcement coming soon about tech!,,0,6187.0,7679,417,4.0,42,234,11
IG0306,2024-04-07 01:00:00,Reel,,#photography #nature,2,4017.0,6373,209,5.0,48,59,2
IG0307,2025-01-16 10:11:00,Image,,#business,1,7112.0,10840,280,7.0,55,158,33
IG0308,2025-03-07 20:56:00,Reel,5 tips every beginner should know about fashion.,#fitness #lifestyle,2,8963.0,13474,519,24.0,130,271,49
IG0309,2025-08-05 21:28:00,Reel,Check out our latest business update! What do you think?,#instagood #business,2,15696.0,18578,1006,39.0,480,104,10
IG0310,2024-05-13 15:58:00,Carousel,Check out our latest business update! What do you think?,#fitness #startup #technology #travel #foodie #lifestyle #nature,7,8116.0,12007,206,7.0,113,131,30
IG0311,2025-08-13 23:36:00,Image,Why fitness matters more than you think.,#nature #india #mumbai,3,6601.0,8784,307,13.0,99,173,18
IG0312,2025-11-23 20:24:00,Image,5 tips every beginner should know about fashion.,#delhi #travel,2,2678.0,3395,46,2.0,39,60,9
IG0313,2024-06-18 02:48:00,Video,Why art matters more than you think.,#nature #explorepage #instagood #motivation #travel #india #fitness,7,1075.0,1270,37,1.0,10,4,0
IG0314,2025-08-09 14:05:00,Reel,,#technology #nature #fitness #marketing #fashion #travel #reels,7,2527.0,3670,137,5.0,78,17,2
IG0315,2025-09-10 19:40:00,Image,Big announcement coming soon about business!,#india #delhi #reels #technology,4,3194.0,4791,107,3.0,13,84,6
IG0316,2024-12-05 17:49:00,Reel,A day in the life: business edition.,#art #technology #fitness #delhi #explorepage #fashion #photography,7,8530.0,12252,458,10.0,180,251,54
IG0317,2024-06-17 15:08:00,Image,We just launched something new in art. Link in bio!,#fitness #motivation #reels #delhi #instagood #technology,6,3783.0,4705,77,2.0,49,45,8
IG0318,2024-04-20 13:02:00,Reel,,#technology,1,4338.0,6258,139,1.0,60,197,35
IG0319,2025-07-20 13:53:00,Carousel,Why business matters more than you think.,#india #photography #mumbai #lifestyle #fitness #reels #nature,7,2371.0,3104,119,1.0,20,31,4
IG0320,2024-09-11 08:25:00,Video,Big announcement coming soon about tech!,#ootd #technology #lifestyle #delhi #startup,5,4077.0,4850,110,1.0,41,102,19
IG0321,2024-07-24 06:39:00,Carousel,Behind the scenes of business — swipe to see more.,#art #lifestyle #photography #india,4,2474.0,3048,45,1.0,21,33,5
IG0322,2025-11-14 22:26:00,Video,Check out our latest fashion update! What do you think?,#ootd #startup #fashion #india #fitness #delhi #reels #foodie,8,2692.0,3062,107,2.0,10,56,9
IG0323,2024-10-20 21:16:00,Carousel,Check out our latest travel update! What do you think?,#travel #ootd,2,8756.0,12302,449,10.0,139,288,68
IG0324,2025-11-22 23:35:00,Reel,Check out our latest tech update! What do you think?,#delhi #business #explorepage,3,7889.0,9477,479,21.0,179,176,9
IG0325,2025-12-02 10:35:00,Carousel,A day in the life: fashion edition.,,0,3801.0,6000,74,3.0,25,100,24
IG0326,2025-03-29 07:58:00,Reel,5 tips every beginner should know about wellness.,#mumbai #delhi #reels #instagood #ootd,5,5750.0,6591,322,17.0,90,91,12
IG0327,2025-06-10 03:24:00,Image,A day in the life: art edition.,,0,3672.0,5165,108,2.0,54,20,1
IG0328,2024-09-18 00:21:00,Image,,#lifestyle #travel #instagood #nature #mumbai #business #india,7,2365.0,2921,46,0.0,24,53,9
IG0329,2025-12-25 10:33:00,Carousel,Why food matters more than you think.,#photography #india #foodie,3,5695.0,8607,292,10.0,39,139,27
IG0330,2024-08-06 21:21:00,Image,Behind the scenes of fashion — swipe to see more.,#art #ootd #reels #india #marketing,5,2392.0,3075,79,3.0,27,24,2
IG0331,2025-09-20 19:15:00,Image,Why business matters more than you think.,,0,6693.0,8882,261,5.0,98,97,13
IG0332,2025-07-07 23:18:00,Carousel,,,0,3364.0,4447,154,3.0,46,18,2
IG0333,2024-11-24 16:05:00,Video,Behind the scenes of fashion — swipe to see more.,#photography,1,4600.0,6002,139,3.0,24,37,2
IG0334,2025-12-02 13:53:00,Reel,Behind the scenes of art — swipe to see more.,#reels,1,8997.0,13559,559,8.0,103,163,16
IG0335,2024-12-05 01:05:00,Carousel,A day in the life: food edition.,#travel,1,1398.0,1785,71,3.0,13,48,11
IG0336,2024-09-21 13:24:00,Reel,Behind the scenes of fashion — swipe to see more.,#business #startup #nature #fashion #instagood #delhi #travel,7,6107.0,9591,179,2.0,88,175,26
IG0337,2024-03-15 11:59:00,Reel,Check out our latest art update! What do you think?,#fitness #ootd #mumbai #foodie #delhi #business #explorepage #reels,8,7329.0,11132,524,24.0,116,228,18
IG0338,2025-02-04 17:18:00,Carousel,,#ootd #art,2,6177.0,7503,163,2.0,15,173,33
IG0339,2025-07-04 17:05:00,Carousel,5 tips every beginner should know about food.,#reels #art #instagood #startup,4,3899.0,4979,163,3.0,55,94,9
IG0340,2024-04-27 05:42:00,Reel,Behind the scenes of wellness — swipe to see more.,,0,2730.0,3302,145,5.0,52,62,8
IG0341,2025-08-17 15:21:00,Carousel,Big announcement coming soon about travel!,#lifestyle #explorepage #fitness #ootd #foodie,5,8270.0,9806,448,13.0,182,207,32
IG0342,2025-12-11 18:09:00,Reel,We just launched something new in travel. Link in bio!,#nature #startup #photography #fashion #instagood,5,3501.0,4441,187,8.0,31,76,17
IG0343,2025-01-03 04:43:00,Reel,Behind the scenes of wellness — swipe to see more.,#marketing #technology #mumbai #art #ootd,5,1330.0,1475,83,1.0,22,38,6
IG0344,2024-05-23 17:12:00,Carousel,Why fashion matters more than you think.,#foodie #instagood #fashion #india,4,5310.0,8060,361,18.0,71,79,16
IG0345,2024-09-23 17:57:00,Carousel,5 tips every beginner should know about tech.,#marketing #lifestyle #art #business #explorepage #technology #india #ootd,8,5468.0,8427,200,2.0,61,168,38
IG0346,2025-05-29 00:42:00,Reel,,#instagood #photography #india,3,9289.0,14714,221,9.0,49,195,41
IG0347,2024-05-29 23:46:00,Carousel,We just launched something new in business. Link in bio!,#art #travel #explorepage #marketing #delhi #mumbai #lifestyle,7,2515.0,3207,78,1.0,27,48,9
IG0348,2025-01-04 12:30:00,Carousel,5 tips every beginner should know about tech.,#travel #instagood #nature #fitness #motivation #startup #art,7,6512.0,8739,151,7.0,129,144,9
IG0349,2024-03-20 16:16:00,Image,Check out our latest wellness update! What do you think?,#explorepage #india #business #art #mumbai #instagood,6,7848.0,11582,294,10.0,35,165,28
IG0350,2024-03-19 16:41:00,Image,Behind the scenes of business — swipe to see more.,#reels #lifestyle #photography #delhi,4,2853.0,4408,71,3.0,44,54,9
IG0351,2024-04-26 15:43:00,Image,5 tips every beginner should know about food.,#marketing #reels #photography #startup #fashion #fitness #instagood,7,10153.0,11962,442,20.0,69,85,9
IG0352,2024-05-30 01:10:00,Reel,Behind the scenes of tech — swipe to see more.,#photography #india #business #fashion,4,4751.0,7382,177,3.0,25,165,20
IG0353,2025-05-08 05:14:00,Image,,#instagood #lifestyle #photography #india #motivation #foodie,6,6698.0,8278,261,6.0,126,135,15
IG0354,2024-05-15 03:01:00,Reel,Behind the scenes of food — swipe to see more.,#india #instagood #startup,3,8090.0,9783,356,8.0,180,323,66
IG0355,2025-06-28 16:48:00,Image,5 tips every beginner should know about wellness.,#foodie,1,,2841,92,2.0,5,57,5
IG0356,2025-11-25 20:27:00,Carousel,Big announcement coming soon about art!,#startup #art #travel #india #instagood #fitness #business #explorepage,8,4796.0,6050,196,10.0,47,163,40
IG0357,2025-12-14 18:06:00,Image,A day in the life: art edition.,#lifestyle #motivation #marketing #explorepage #foodie #instagood,6,2812.0,3904,95,1.0,56,33,6
IG0358,2025-08-14 16:07:00,Image,A day in the life: art edition.,#fashion #business #reels #nature #startup #photography #travel #foodie,8,2081.0,2312,53,2.0,25,23,4
IG0359,2025-09-18 08:43:00,Reel,A day in the life: wellness edition.,#reels #startup #delhi #marketing #photography #india,6,12139.0,13589,829,33.0,235,385,85
IG0360,2025-02-11 23:08:00,Carousel,5 tips every beginner should know about wellness.,#explorepage,1,4928.0,7285,199,9.0,55,56,9
IG0361,2025-07-17 19:44:00,Video,,,0,3575.0,4875,137,8.0,77,80,16
IG0362,2024-05-28 15:59:00,Image,Why fashion matters more than you think.,#foodie #instagood #motivation #explorepage #art #travel,6,2628.0,3488,85,3.0,22,74,6
IG0363,2024-10-20 22:38:00,Carousel,,,0,8393.0,11954,433,7.0,141,201,17
IG0364,2025-06-14 09:12:00,Image,5 tips every beginner should know about travel.,,0,10860.0,16492,230,2.0,174,211,40
IG0365,2024-06-10 02:17:00,Image,Behind the scenes of fitness — swipe to see more.,#art #business #mumbai #reels #fashion #instagood,6,2123.0,2761,134,5.0,14,59,9
IG0366,2025-08-19 11:22:00,Carousel,A day in the life: fashion edition.,#explorepage #reels #technology #business,4,3522.0,3930,134,1.0,56,117,26
IG0367,2025-05-30 09:21:00,Carousel,A day in the life: tech edition.,#india,1,5761.0,8889,195,9.0,51,177,44
IG0368,2024-09-06 10:49:00,Reel,We just launched something new in art. Link in bio!,#technology #mumbai #fashion #marketing #fitness #lifestyle #travel,7,6695.0,10622,436,22.0,33,129,8
IG0369,2024-12-27 16:34:00,Video,We just launched something new in tech. Link in bio!,,0,4836.0,7587,165,4.0,17,46,4
IG0370,2024-12-16 02:35:00,Carousel,We just launched something new in business. Link in bio!,#marketing #nature,2,3473.0,4111,118,6.0,68,126,17
IG0371,2025-11-30 06:31:00,Reel,We just launched something new in travel. Link in bio!,#explorepage #instagood #motivation,3,4158.0,5196,267,4.0,44,83,15
IG0372,2024-06-08 03:07:00,Reel,Check out our latest fashion update! What do you think?,#marketing,1,8080.0,9481,374,19.0,61,67,9
IG0373,2025-08-11 08:31:00,Reel,We just launched something new in art. Link in bio!,#india #motivation,2,12254.0,14319,734,25.0,90,389,40
IG0374,2025-03-09 15:34:00,Carousel,Why business matters more than you think.,,0,4353.0,5455,141,1.0,51,83,16
IG0375,2024-05-03 22:33:00,Carousel,Big announcement coming soon about business!,#nature #fashion #mumbai #reels #business #ootd #travel,7,8470.0,12968,400,14.0,181,314,71
IG0376,2024-08-30 08:30:00,Reel,Big announcement coming soon about art!,#art #photography #marketing #startup #reels,5,5670.0,8339,211,7.0,155,115,25
IG0377,2025-08-08 04:36:00,Reel,Why art matters more than you think.,#fitness #motivation #explorepage,3,4361.0,6459,120,2.0,133,53,8
IG0378,2025-04-29 00:11:00,Carousel,Check out our latest tech update! What do you think?,#marketing #lifestyle #india #nature #instagood #mumbai,6,15420.0,18733,605,17.0,268,131,21
IG0379,2024-09-17 15:53:00,Reel,A day in the life: business edition.,#technology,1,3534.0,4210,175,4.0,105,165,27
IG0380,2024-09-20 11:01:00,Reel,,#fitness #art #reels #photography #ootd #india,6,11383.0,14612,500,18.0,313,446,37
IG0381,2025-09-20 09:29:00,Carousel,Why art matters more than you think.,#photography #nature,2,3126.0,4804,94,2.0,7,103,21
IG0382,2024-08-21 10:20:00,Carousel,,#motivation #business #instagood #technology,4,3205.0,4259,144,2.0,43,111,6
IG0383,2024-08-28 21:16:00,Reel,Why food matters more than you think.,#reels,1,4060.0,6310,184,6.0,101,46,6
IG0384,2025-07-15 01:01:00,Carousel,A day in the life: art edition.,#india #foodie #fitness #motivation #lifestyle #travel,6,3407.0,5157,183,2.0,24,51,7
IG0385,2024-05-09 04:33:00,Carousel,Big announcement coming soon about business!,#fashion #travel,2,4604.0,6218,214,2.0,68,85,18
IG0386,2024-10-05 17:28:00,Reel,Why wellness matters more than you think.,#delhi #photography,2,5681.0,6923,253,11.0,36,176,18
IG0387,2024-12-21 15:34:00,Reel,Why business matters more than you think.,#foodie #technology #ootd,3,,14778,592,9.0,290,171,31
IG0388,2024-05-19 11:18:00,Carousel,A day in the life: art edition.,#delhi #fashion #marketing #instagood #ootd #mumbai #business,7,4132.0,4681,180,9.0,59,123,11
IG0389,2024-07-12 13:56:00,Reel,Behind the scenes of tech — swipe to see more.,#startup #business #explorepage #photography #mumbai #instagood #reels #fitness,8,7692.0,9482,455,19.0,94,318,76
IG0390,2025-09-19 22:43:00,Image,Behind the scenes of travel — swipe to see more.,#ootd #delhi #motivation #startup,4,2232.0,2769,103,1.0,33,49,8
IG0391,2025-09-24 14:17:00,Video,Behind the scenes of food — swipe to see more.,#reels #nature #fashion #lifestyle #travel #motivation #delhi,7,2201.0,2507,38,0.0,19,61,14
IG0392,2024-01-09 07:05:00,Reel,Big announcement coming soon about travel!,#fashion #marketing,2,8285.0,9369,395,7.0,168,93,22
IG0393,2025-01-15 14:44:00,Carousel,Behind the scenes of business — swipe to see more.,,0,1837.0,2453,78,3.0,35,42,9
IG0394,2025-02-05 02:34:00,Image,Why travel matters more than you think.,#photography #reels #motivation #business #fashion #travel #india,7,2160.0,2810,122,6.0,39,24,4
IG0395,2024-02-04 06:29:00,Reel,,#india,1,4419.0,5616,212,10.0,29,161,25
IG0396,2024-06-11 20:46:00,Reel,A day in the life: fitness edition.,,0,2035.0,2845,108,1.0,13,57,13
IG0397,2024-02-23 21:13:00,Reel,Big announcement coming soon about art!,#explorepage,1,9308.0,14574,712,,205,405,52
IG0398,2025-02-09 07:00:00,Reel,5 tips every beginner should know about wellness.,,0,5445.0,7559,304,4.0,171,76,4
IG0399,2024-04-03 21:39:00,Carousel,,#travel #instagood #art #lifestyle #fitness,5,5744.0,6614,356,13.0,52,203,43
IG0400,2024-12-21 14:46:00,Video,A day in the life: food edition.,#fashion #business #art,3,1402.0,1577,28,1.0,15,14,2
IG0401,2024-10-28 17:44:00,Reel,5 tips every beginner should know about tech.,#reels #mumbai #photography #art #nature #india #explorepage,7,2087.0,3155,153,5.0,27,42,8
IG0402,2024-09-26 17:23:00,Reel,We just launched something new in business. Link in bio!,#fashion #india #business #photography #instagood #ootd #startup,7,2525.0,3839,45,1.0,66,101,12
IG0403,2025-01-31 06:33:00,Carousel,Behind the scenes of fitness — swipe to see more.,#delhi #lifestyle #ootd #nature #startup #india #photography,7,5704.0,6612,241,10.0,82,27,3
IG0404,2024-05-12 05:55:00,Reel,Behind the scenes of travel — swipe to see more.,,0,7475.0,11852,324,14.0,38,170,12
IG0405,2025-02-01 21:31:00,Carousel,Check out our latest fitness update! What do you think?,#instagood #mumbai #motivation #travel #art #fitness #ootd #marketing,8,5024.0,5719,228,8.0,58,160,34
IG0406,2024-03-22 14:51:00,Carousel,Why business matters more than you think.,,0,2140.0,2467,65,1.0,37,55,3
IG0407,2025-09-23 08:33:00,Reel,A day in the life: fitness edition.,,0,4734.0,7165,214,6.0,38,202,32
IG0408,2024-04-13 23:14:00,Reel,Behind the scenes of art — swipe to see more.,#business #reels #mumbai #india #explorepage #ootd #nature #foodie,8,15294.0,24150,792,43.0,460,678,120
IG0409,2025-12-20 21:27:00,Carousel,Why food matters more than you think.,#photography,1,10184.0,13907,356,11.0,193,321,25
IG0410,2025-09-06 14:59:00,Image,Big announcement coming soon about art!,#nature #delhi #instagood #art #startup,5,7046.0,9270,215,11.0,45,181,26
IG0411,2025-07-17 23:16:00,Carousel,Check out our latest tech update! What do you think?,#technology #instagood #business #fashion #travel,5,6589.0,8319,107,2.0,17,242,58
IG0412,2024-11-03 07:13:00,Reel,Check out our latest fitness update! What do you think?,#fashion #motivation #delhi #india #lifestyle,5,3622.0,5199,277,15.0,53,139,14
IG0413,2025-08-19 07:14:00,Video,Big announcement coming soon about fitness!,#ootd #foodie #business #reels,4,4170.0,5962,129,2.0,86,36,6
IG0414,2025-12-07 22:36:00,Reel,Check out our latest tech update! What do you think?,#instagood,1,7463.0,9766,215,3.0,113,279,64
IG0415,2024-02-27 10:22:00,Reel,Check out our latest tech update! What do you think?,#startup #fitness #explorepage #fashion #business #india,6,3669.0,4066,199,7.0,28,54,2
IG0416,2025-12-15 07:09:00,Image,,,0,4770.0,7456,117,1.0,12,88,11
IG0417,2025-03-18 09:50:00,Reel,Why fashion matters more than you think.,#lifestyle #instagood #nature #foodie #marketing #ootd,6,5269.0,7870,279,3.0,106,115,28
IG0418,2025-12-15 04:48:00,Carousel,,#marketing #delhi,2,7680.0,9490,233,6.0,114,41,5
IG0419,2025-06-20 07:15:00,Image,Big announcement coming soon about art!,#motivation,1,2630.0,3190,107,6.0,9,39,4
IG0420,2025-02-27 13:23:00,Image,Big announcement coming soon about food!,#reels #nature #art #fashion #ootd,5,735.0,931,17,0.0,3,13,2
IG0421,2024-05-29 14:02:00,Image,Behind the scenes of fitness — swipe to see more.,#reels #art #lifestyle,3,3312.0,4087,88,2.0,47,15,0
IG0422,2024-05-31 09:00:00,Reel,We just launched something new in business. Link in bio!,#fitness #ootd #technology #marketing #fashion,5,3462.0,4918,205,11.0,100,61,5
IG0423,2024-09-21 17:30:00,Reel,A day in the life: fashion edition.,#fashion #business,2,8854.0,13396,374,19.0,129,102,20
IG0424,2025-09-24 08:03:00,Reel,A day in the life: fashion edition.,#fashion #foodie #business #motivation #art #startup #travel,7,3016.0,3440,224,3.0,95,141,29
IG0425,2025-01-24 16:45:00,Carousel,Behind the scenes of wellness — swipe to see more.,#nature,1,8120.0,10107,351,14.0,95,147,17
IG0426,2025-12-30 00:02:00,Carousel,,#india #ootd #nature,3,3708.0,5811,179,9.0,55,111,5
IG0427,2024-12-29 20:19:00,Image,Why tech matters more than you think.,#india #motivation #travel,3,5244.0,6431,116,1.0,22,154,28
IG0428,2025-07-22 08:14:00,Image,Behind the scenes of food — swipe to see more.,#nature #business,2,6980.0,9751,105,4.0,86,101,10
IG0429,2025-10-02 21:14:00,Image,,#explorepage #mumbai #lifestyle #startup #ootd #technology,6,5436.0,6613,92,4.0,32,25,1
IG0430,2025-07-08 21:51:00,Carousel,Why food matters more than you think.,#lifestyle #ootd #india,3,2856.0,3824,178,4.0,37,12,0
IG0431,2025-08-01 05:20:00,Reel,5 tips every beginner should know about fitness.,#delhi,1,6073.0,7975,317,5.0,71,203,49
IG0432,2024-11-22 13:26:00,Reel,5 tips every beginner should know about fitness.,#technology #motivation #lifestyle #reels,4,6448.0,8910,433,5.0,37,198,23
IG0433,2024-09-30 19:36:00,Image,Big announcement coming soon about fashion!,#instagood #explorepage #mumbai,3,2023.0,2948,50,1.0,29,55,11
IG0434,2025-09-11 15:45:00,Carousel,We just launched something new in food. Link in bio!,#photography #business #marketing #delhi #lifestyle,5,5571.0,6952,209,4.0,41,145,25
IG0435,2024-10-03 13:14:00,Carousel,,#reels #foodie #photography,3,8637.0,11904,207,3.0,39,274,64
IG0436,2025-03-13 12:49:00,Carousel,Big announcement coming soon about art!,,0,4042.0,5919,127,2.0,10,112,13
IG0437,2025-07-03 16:41:00,Reel,,,0,5905.0,9008,336,12.0,106,50,7
IG0438,2024-09-08 16:34:00,Reel,,#travel #delhi #business #india #instagood #fitness,6,2468.0,3011,166,4.0,14,30,7
IG0439,2025-04-17 05:27:00,Carousel,,#instagood #travel #india #lifestyle,4,8193.0,13090,350,17.0,80,115,15
IG0440,2025-08-22 22:34:00,Carousel,,#business #startup,2,2413.0,2815,137,,37,65,12
IG0441,2024-07-25 14:05:00,Image,,#nature #photography #fitness #foodie,4,3640.0,5333,163,3.0,8,38,5
IG0442,2025-06-07 19:10:00,Carousel,5 tips every beginner should know about food.,#delhi #business #travel #photography #nature #ootd,6,3730.0,4337,190,2.0,49,87,13
IG0443,2025-03-05 09:19:00,Reel,Check out our latest tech update! What do you think?,#ootd #photography #fitness #lifestyle #reels #fashion #instagood,7,11150.0,13568,970,49.0,49,293,55
IG0444,2024-01-06 19:56:00,Reel,We just launched something new in fashion. Link in bio!,#explorepage #reels #marketing #technology #startup #instagood #travel,7,9629.0,14915,367,14.0,233,197,35
IG0445,2024-07-31 01:11:00,Carousel,5 tips every beginner should know about fashion.,#travel #art,2,6326.0,8718,177,9.0,18,91,5
IG0446,2024-11-01 10:58:00,Image,Why fitness matters more than you think.,#travel,1,2070.0,2976,91,4.0,21,29,6
IG0447,2025-11-07 22:44:00,Reel,Why business matters more than you think.,#photography #technology #art #travel #foodie #business #lifestyle #instagood,8,6567.0,10406,272,3.0,85,175,14
IG0448,2024-03-07 09:30:00,Carousel,Why business matters more than you think.,#fitness #motivation,2,2413.0,2793,50,1.0,27,62,8
IG0449,2024-04-21 18:46:00,Carousel,5 tips every beginner should know about business.,#foodie #marketing #ootd #startup #nature #lifestyle #motivation #delhi,8,5004.0,7892,217,7.0,80,117,15
IG0450,2025-05-24 15:51:00,Reel,We just launched something new in tech. Link in bio!,#instagood #explorepage,2,4994.0,5899,226,,24,143,24
IG0451,2024-04-30 23:54:00,Image,Big announcement coming soon about fashion!,#instagood #startup #mumbai,3,1319.0,1980,55,0.0,16,36,4
IG0452,2025-10-17 06:44:00,Reel,Check out our latest business update! What do you think?,#motivation #foodie #ootd #delhi,4,5593.0,7362,310,4.0,169,209,34
IG0453,2025-08-05 19:01:00,Image,,#reels #nature,2,3550.0,5023,73,3.0,24,100,7
IG0454,2025-05-08 04:40:00,Image,,#delhi #nature #technology #startup #travel #india #motivation,7,4627.0,6433,21,0.0,49,115,27
IG0455,2024-12-05 11:04:00,Reel,Why business matters more than you think.,#motivation #fashion,2,4211.0,4910,274,11.0,59,30,5
IG0456,2025-02-02 05:38:00,Image,Check out our latest business update! What do you think?,#ootd,1,1788.0,2362,36,1.0,30,33,3
IG0457,2025-01-15 14:53:00,Image,Big announcement coming soon about fitness!,#reels #india #ootd #photography,4,7317.0,10358,253,10.0,69,211,33
IG0458,2025-03-30 16:01:00,Carousel,Big announcement coming soon about tech!,#india #lifestyle #reels #nature #marketing #art #startup,7,6239.0,8646,141,1.0,100,184,28
IG0459,2025-06-12 21:08:00,Reel,Check out our latest fitness update! What do you think?,#travel #technology #business,3,4205.0,5554,225,4.0,37,90,5
IG0460,2024-03-30 10:29:00,Reel,A day in the life: fitness edition.,,0,1163.0,1501,102,,20,8,0
IG0461,2024-08-02 10:12:00,Carousel,,#ootd #motivation #delhi,3,7946.0,10957,379,4.0,37,41,3
IG0462,2024-04-27 00:39:00,Carousel,We just launched something new in tech. Link in bio!,#india #fitness #reels #art #nature #lifestyle #foodie #instagood,8,3628.0,5706,166,4.0,15,34,2
IG0463,2025-07-07 14:03:00,Reel,Behind the scenes of fashion — swipe to see more.,#fashion #marketing,2,2366.0,3026,149,6.0,72,25,3
IG0464,2025-12-22 19:57:00,Carousel,,#instagood #art #ootd #nature #reels #mumbai #business,7,8583.0,11204,500,15.0,26,129,11
IG0465,2025-12-16 14:06:00,Reel,Big announcement coming soon about tech!,#ootd #technology #marketing #explorepage #india #foodie #startup,7,6190.0,9064,365,10.0,62,55,4
IG0466,2024-11-28 14:31:00,Image,,,0,4823.0,6450,288,3.0,34,60,12
IG0467,2024-10-16 11:38:00,Video,Behind the scenes of art — swipe to see more.,#india #fitness,2,5280.0,8000,145,4.0,54,170,14
IG0468,2025-06-29 14:25:00,Image,Big announcement coming soon about fitness!,#explorepage #instagood #delhi #photography #marketing #reels,6,7125.0,9333,134,6.0,117,188,11
IG0469,2025-03-21 18:50:00,Carousel,,#delhi #explorepage #photography #foodie #marketing,5,3966.0,5450,105,3.0,98,32,5
IG0470,2024-11-11 12:04:00,Reel,Big announcement coming soon about art!,#instagood,1,4230.0,6068,169,5.0,57,128,21
IG0471,2024-05-22 18:57:00,Reel,5 tips every beginner should know about food.,,0,23943.0,33164,846,39.0,93,481,99
IG0472,2025-04-02 06:13:00,Carousel,Check out our latest fitness update! What do you think?,#ootd #mumbai #instagood #startup #art,5,7382.0,10214,213,9.0,119,149,11
IG0473,2024-10-28 01:23:00,Reel,Why travel matters more than you think.,#travel #fashion #delhi #art #fitness #startup #lifestyle #mumbai,8,15760.0,21384,545,5.0,275,270,53
IG0474,2025-01-26 12:24:00,Reel,Big announcement coming soon about art!,#delhi #reels #photography #marketing #lifestyle #fitness,6,8285.0,9835,467,6.0,175,236,31
IG0475,2025-11-17 04:08:00,Carousel,Check out our latest fitness update! What do you think?,,0,4456.0,4951,200,7.0,100,106,22
IG0476,2024-05-19 02:08:00,Carousel,Why wellness matters more than you think.,#technology #startup #photography #instagood #mumbai #motivation,6,5429.0,7524,217,5.0,37,65,7
IG0477,2025-08-14 15:54:00,Carousel,Check out our latest business update! What do you think?,#india #motivation #startup,3,1934.0,2722,112,1.0,12,41,3
IG0478,2024-04-25 18:30:00,Reel,,#lifestyle,1,11519.0,12750,598,25.0,301,519,28
IG0479,2024-09-08 15:40:00,Reel,Check out our latest tech update! What do you think?,#delhi,1,,7590,387,17.0,164,262,50
IG0480,2025-04-09 16:57:00,Reel,A day in the life: fashion edition.,#mumbai #nature #startup #art #ootd #lifestyle #foodie,7,7008.0,8606,342,5.0,195,185,34
IG0481,2025-04-29 18:10:00,Reel,Check out our latest tech update! What do you think?,,0,9004.0,11311,575,11.0,282,294,69
IG0482,2024-10-11 08:08:00,Reel,5 tips every beginner should know about food.,#motivation #instagood #fashion #fitness,4,8527.0,12328,611,18.0,59,288,56
IG0483,2025-12-18 07:31:00,Carousel,Behind the scenes of business — swipe to see more.,#india #travel,2,4607.0,5786,100,4.0,88,53,6
IG0484,2025-05-22 13:49:00,Reel,Behind the scenes of tech — swipe to see more.,#explorepage #technology #photography #reels #art #fashion,6,8087.0,12572,369,17.0,234,334,28
IG0485,2025-05-02 23:48:00,Video,A day in the life: fashion edition.,#explorepage #business #mumbai #marketing #motivation #foodie #india #reels,8,1747.0,1976,33,0.0,12,22,4
IG0486,2025-06-26 21:02:00,Image,Why business matters more than you think.,#delhi,1,5600.0,8560,144,2.0,80,159,29
IG0487,2024-10-03 08:51:00,Reel,,#motivation,1,19759.0,26779,996,25.0,519,830,64
IG0488,2025-08-25 06:33:00,Video,Check out our latest fitness update! What do you think?,#photography #nature #delhi #fashion #india,5,7718.0,11391,148,8.0,64,222,16
IG0489,2024-12-25 07:46:00,Image,Check out our latest fitness update! What do you think?,#motivation #reels #travel #fashion,4,5796.0,7106,280,5.0,17,129,18
IG0490,2025-09-05 20:07:00,Image,Why food matters more than you think.,#foodie,1,1966.0,2984,49,0.0,29,33,5
IG0491,2024-07-08 03:44:00,Carousel,Behind the scenes of wellness — swipe to see more.,#motivation #ootd,2,5605.0,8153,231,11.0,98,152,18
IG0492,2025-03-13 22:57:00,Image,Why art matters more than you think.,#motivation #photography #foodie #instagood #travel,5,2658.0,3465,98,1.0,51,56,9
IG0493,2024-09-28 05:28:00,Reel,Why travel matters more than you think.,#marketing,1,10077.0,13065,423,4.0,190,473,58
IG0494,2025-03-17 06:39:00,Reel,Behind the scenes of tech — swipe to see more.,#technology,1,6799.0,8976,207,7.0,121,73,17
IG0495,2025-04-01 00:57:00,Reel,Why business matters more than you think.,#lifestyle #fashion #travel #business #motivation #foodie #art,7,6556.0,9163,308,9.0,169,86,18
IG0496,2025-05-17 15:27:00,Carousel,Behind the scenes of wellness — swipe to see more.,#foodie #delhi #explorepage #fashion #business #art,6,2352.0,2889,28,0.0,22,56,13
IG0497,2025-11-29 09:25:00,Carousel,Big announcement coming soon about fitness!,,0,4014.0,4525,181,5.0,29,15,3
IG0498,2025-04-15 09:41:00,Image,We just launched something new in art. Link in bio!,#photography #delhi #travel,3,2457.0,2850,80,3.0,45,35,2
IG0499,2025-12-06 11:31:00,Carousel,5 tips every beginner should know about travel.,#technology,1,2309.0,3257,52,0.0,7,86,8
IG0500,2024-09-01 15:24:00,Reel,,#delhi,1,11603.0,14743,567,24.0,207,487,108
IG0501,2024-01-17 01:21:00,Reel,Check out our latest business update! What do you think?,,0,5183.0,8263,384,22.0,129,80,12
IG0502,2025-06-19 14:43:00,Video,,#lifestyle #mumbai #explorepage #foodie #travel #art #india #delhi,8,2342.0,2584,115,2.0,43,31,6
IG0503,2025-10-26 04:00:00,Reel,,#travel #ootd,2,3245.0,3948,131,2.0,62,56,7
IG0504,2024-04-18 03:31:00,Reel,Why business matters more than you think.,#foodie #reels #startup,3,1860.0,2145,111,1.0,21,32,3
IG0505,2024-05-20 10:53:00,Reel,Behind the scenes of business — swipe to see more.,#travel #mumbai #photography,3,4714.0,6681,253,3.0,138,61,13
IG0506,2025-12-14 11:35:00,Carousel,5 tips every beginner should know about fashion.,#technology #explorepage,2,6282.0,7440,241,2.0,88,186,44
IG0507,2024-06-10 00:56:00,Image,Why tech matters more than you think.,#foodie #fashion #mumbai #photography #instagood #art #nature,7,2561.0,3187,45,1.0,30,18,3
IG0508,2024-05-09 06:09:00,Reel,Check out our latest food update! What do you think?,#india #technology #startup #explorepage,4,5937.0,8894,189,7.0,45,168,11
IG0509,2024-03-31 20:52:00,Reel,Behind the scenes of travel — swipe to see more.,#art #startup #fashion #explorepage,4,4416.0,5462,264,15.0,58,29,2
IG0510,2025-07-06 16:14:00,Reel,,#reels #motivation #travel #instagood #fitness #business #foodie,7,4675.0,7436,266,12.0,61,149,13
IG0511,2025-10-22 11:18:00,Reel,Check out our latest wellness update! What do you think?,#startup #motivation #nature,3,6791.0,10214,404,10.0,83,219,26
IG0512,2024-06-10 00:31:00,Reel,We just launched something new in business. Link in bio!,#fitness #foodie #explorepage #technology #nature #reels #instagood #art,8,11507.0,14856,631,12.0,115,204,36
IG0513,2025-02-26 06:24:00,Carousel,Why fashion matters more than you think.,#foodie #marketing #mumbai,3,2647.0,4002,144,4.0,54,26,1
IG0514,2025-01-31 11:08:00,Image,A day in the life: fashion edition.,#reels #art #motivation #instagood #nature #foodie #fashion,7,7426.0,8262,121,3.0,22,144,14
IG0515,2024-06-24 10:14:00,Reel,Why fitness matters more than you think.,#instagood #photography #mumbai #explorepage,4,4337.0,6745,198,6.0,29,78,18
IG0516,2025-08-28 15:53:00,Reel,5 tips every beginner should know about travel.,#motivation #fashion #startup #explorepage #india #photography #reels,7,6944.0,10709,536,19.0,61,83,19
IG0517,2024-02-15 01:30:00,Reel,,#travel #startup #india #business #marketing #delhi #technology #art,8,12079.0,15333,627,29.0,246,517,30
IG0518,2025-12-10 23:26:00,Reel,Behind the scenes of travel — swipe to see more.,#lifestyle #art #ootd,3,2507.0,3690,145,,32,116,16
IG0519,2025-04-15 18:47:00,Carousel,,,0,6682.0,9251,266,13.0,68,122,26
IG0520,2025-01-14 20:29:00,Reel,Why fitness matters more than you think.,,0,12536.0,18835,871,25.0,58,277,51
IG0521,2025-03-12 08:44:00,Carousel,Behind the scenes of fashion — swipe to see more.,#mumbai #reels #foodie #nature #travel #motivation #india #photography,8,3026.0,4288,160,7.0,44,32,3
IG0522,2025-01-10 05:41:00,Image,We just launched something new in wellness. Link in bio!,#foodie #delhi #reels #lifestyle #nature #fitness #motivation #travel,8,1596.0,2527,47,2.0,15,25,5
IG0523,2024-09-30 16:43:00,Carousel,Behind the scenes of wellness — swipe to see more.,#motivation #travel #foodie #art #india #explorepage,6,2605.0,3447,122,2.0,6,13,3
IG0524,2024-10-26 14:39:00,Reel,5 tips every beginner should know about art.,#foodie #reels #technology #instagood #india,5,9879.0,13586,554,25.0,202,359,73
IG0525,2024-10-09 03:44:00,Video,Check out our latest travel update! What do you think?,#marketing #lifestyle,2,1439.0,2049,58,3.0,6,18,3
IG0526,2024-05-15 15:22:00,Carousel,Big announcement coming soon about travel!,#technology #fashion #ootd #reels #foodie #mumbai,6,3277.0,5004,32,1.0,14,98,21
IG0527,2024-11-30 15:37:00,Reel,A day in the life: food edition.,#delhi #technology #mumbai #ootd #lifestyle #instagood #business #marketing,8,2997.0,4355,157,6.0,26,41,2
IG0528,2024-02-18 04:22:00,Reel,5 tips every beginner should know about food.,#technology #photography #mumbai #ootd,4,10767.0,15434,611,35.0,257,484,75
IG0529,2024-06-06 05:15:00,Reel,5 tips every beginner should know about business.,#travel,1,4760.0,6503,223,8.0,38,100,17
IG0530,2025-12-25 01:42:00,Video,Behind the scenes of tech — swipe to see more.,#art #lifestyle #instagood #technology #photography,5,4870.0,7212,181,3.0,74,106,18
IG0531,2024-05-28 14:59:00,Carousel,,#lifestyle #fashion #delhi #india #nature,5,1467.0,1994,61,3.0,9,9,1
IG0532,2025-08-10 21:09:00,Carousel,A day in the life: fitness edition.,#nature #fitness #marketing #travel #lifestyle #instagood #motivation,7,1797.0,2478,60,,41,37,4
IG0533,2024-12-31 02:20:00,Image,We just launched something new in travel. Link in bio!,,0,3581.0,4541,89,0.0,42,82,12
IG0534,2024-03-26 17:54:00,Reel,Big announcement coming soon about fashion!,#foodie #india #business #reels #marketing #photography #ootd,7,5883.0,8277,338,11.0,91,47,3
IG0535,2025-01-30 11:00:00,Image,We just launched something new in fitness. Link in bio!,#art #instagood #ootd #technology,4,2457.0,3322,57,0.0,30,15,0
IG0536,2025-03-29 09:10:00,Reel,Big announcement coming soon about wellness!,#startup #lifestyle #foodie #mumbai #reels #india,6,5577.0,8488,252,7.0,24,134,22
IG0537,2024-03-31 00:26:00,Carousel,We just launched something new in food. Link in bio!,#startup #photography #delhi #technology,4,2307.0,2660,59,0.0,45,83,20
IG0538,2024-02-13 09:53:00,Image,Check out our latest fashion update! What do you think?,#marketing #delhi #technology #explorepage,4,8770.0,10897,361,11.0,93,205,21
IG0539,2025-10-13 15:07:00,Reel,Behind the scenes of fashion — swipe to see more.,#startup #photography #marketing #explorepage,4,9419.0,13235,522,11.0,123,391,63
IG0540,2025-09-05 23:23:00,Carousel,A day in the life: fashion edition.,#mumbai #startup #motivation #marketing #fitness #photography #delhi,7,4297.0,6022,177,7.0,100,99,7
IG0541,2025-12-10 04:22:00,Carousel,Why business matters more than you think.,#travel #motivation,2,3454.0,5318,210,11.0,57,28,3
IG0542,2024-10-25 16:40:00,Reel,5 tips every beginner should know about travel.,#india,1,6464.0,9296,363,6.0,161,163,15
IG0543,2024-11-26 10:52:00,Carousel,Check out our latest food update! What do you think?,#motivation #art #fitness #mumbai,4,4324.0,5769,149,8.0,31,35,3
IG0544,2025-02-25 10:58:00,Image,We just launched something new in food. Link in bio!,#fitness #reels,2,9166.0,10178,43,1.0,153,246,16
IG0545,2025-12-07 16:54:00,Carousel,,#delhi #fitness #startup #technology #foodie #travel #instagood #marketing,8,4063.0,6154,187,10.0,78,144,26
IG0546,2025-03-28 19:33:00,Reel,5 tips every beginner should know about food.,#photography #ootd #fashion #fitness #explorepage,5,5473.0,6929,332,16.0,164,74,15
IG0547,2024-03-21 13:44:00,Image,,#foodie,1,3331.0,4135,69,4.0,45,74,18
IG0548,2025-11-06 16:37:00,Reel,Behind the scenes of wellness — swipe to see more.,,0,4955.0,7604,332,19.0,47,93,18
IG0549,2024-01-11 03:50:00,Reel,We just launched something new in travel. Link in bio!,#instagood,1,3208.0,4719,246,3.0,37,81,6
IG0550,2024-10-11 18:22:00,Reel,Check out our latest fitness update! What do you think?,#photography #india #explorepage #mumbai #foodie,5,4170.0,5803,243,4.0,85,139,18
IG0551,2024-06-24 17:00:00,Image,Big announcement coming soon about wellness!,#reels,1,3924.0,4330,17,0.0,10,50,12
IG0552,2024-04-19 05:53:00,Carousel,Behind the scenes of art — swipe to see more.,#business #startup #reels #india #explorepage,5,7430.0,10837,309,15.0,163,142,20
IG0553,2025-06-16 04:31:00,Reel,Behind the scenes of wellness — swipe to see more.,#ootd #delhi #travel #foodie #nature,5,3823.0,5256,205,11.0,34,154,24
IG0554,2025-12-04 14:14:00,Reel,Big announcement coming soon about wellness!,#startup #ootd #instagood #reels #foodie #technology #delhi #business,8,5866.0,7305,357,18.0,70,76,5
IG0555,2024-04-17 12:28:00,Reel,Behind the scenes of food — swipe to see more.,#foodie #fitness #lifestyle #business #india #art #ootd #travel,8,5355.0,6499,367,9.0,162,105,26
IG0556,2025-02-17 03:14:00,Carousel,,#marketing #motivation #mumbai #business #art #explorepage,6,12338.0,19640,401,5.0,230,163,14
IG0557,2024-05-05 08:31:00,Reel,Check out our latest wellness update! What do you think?,#explorepage #lifestyle #fashion #fitness #travel #startup #marketing,7,5520.0,7744,223,2.0,142,29,5
IG0558,2024-06-05 09:39:00,Image,,#foodie,1,7377.0,9874,30,1.0,133,89,15
IG0559,2024-09-24 17:21:00,Video,,#delhi #fashion #travel #startup #fitness #reels #explorepage #photography,8,4029.0,5344,157,9.0,20,82,8
IG0560,2024-11-06 22:10:00,Reel,,#startup #lifestyle #ootd #business #marketing #india #travel,7,6190.0,7064,268,8.0,110,98,11
IG0561,2025-02-04 08:31:00,Reel,5 tips every beginner should know about fashion.,#instagood #art #ootd #nature #travel #fashion,6,5335.0,7391,355,3.0,141,244,16
IG0562,2024-01-28 20:21:00,Reel,We just launched something new in fashion. Link in bio!,#fitness #startup #art #delhi #mumbai #photography,6,5973.0,6612,351,11.0,138,217,54
IG0563,2025-12-05 02:55:00,Reel,Check out our latest business update! What do you think?,#fitness #nature #photography #fashion,4,17388.0,22653,1352,79.0,482,457,77
IG0564,2025-03-07 08:01:00,Reel,,#mumbai #fashion #nature #business #india #photography #ootd,7,16282.0,22104,1100,44.0,226,621,52
IG0565,2025-05-29 21:21:00,Reel,Why business matters more than you think.,#instagood #ootd,2,3647.0,5437,112,5.0,72,71,15
IG0566,2024-03-18 17:13:00,Reel,Behind the scenes of travel — swipe to see more.,#motivation #travel #ootd #business,4,5906.0,7266,185,7.0,105,142,34
IG0567,2024-10-06 02:36:00,Carousel,Why tech matters more than you think.,#marketing #startup #reels #art #foodie #nature #mumbai #lifestyle,8,8139.0,11325,370,10.0,37,156,20
IG0568,2024-09-14 19:32:00,Image,,#delhi #photography #fashion #india #mumbai #ootd #explorepage,7,5528.0,8752,141,3.0,63,119,12
IG0569,2025-03-20 18:46:00,Image,Big announcement coming soon about travel!,,0,1532.0,1926,21,0.0,8,17,4
IG0570,2024-11-03 13:26:00,Reel,A day in the life: food edition.,#foodie #reels #startup #motivation #ootd,5,18421.0,29320,622,27.0,438,571,38
IG0571,2024-06-02 06:01:00,Carousel,Why art matters more than you think.,#ootd #technology #marketing,3,4929.0,7244,148,7.0,15,158,22
IG0572,2024-05-19 00:16:00,Reel,Check out our latest fashion update! What do you think?,#delhi #photography #travel #marketing,4,11312.0,15524,369,9.0,113,158,20
IG0573,2024-03-06 13:57:00,Image,A day in the life: fitness edition.,#foodie #business #lifestyle #explorepage #fitness,5,2638.0,3417,40,2.0,43,25,1
IG0574,2024-11-16 10:53:00,Reel,A day in the life: travel edition.,#explorepage #startup #reels #lifestyle #fitness #foodie,6,5969.0,8887,213,11.0,80,205,23
IG0575,2025-05-17 17:23:00,Reel,,#nature,1,2260.0,3269,104,2.0,60,39,5
IG0576,2024-05-28 11:30:00,Image,Why tech matters more than you think.,#ootd #fashion #travel #delhi #explorepage,5,5296.0,7440,87,1.0,82,97,10
IG0577,2025-12-02 03:34:00,Carousel,A day in the life: art edition.,#technology #business #fashion,3,7306.0,11284,132,5.0,103,40,3
IG0578,2024-10-31 06:55:00,Carousel,Check out our latest art update! What do you think?,#technology #nature,2,2713.0,3668,87,1.0,35,22,5
IG0579,2025-05-18 15:47:00,Image,Big announcement coming soon about fitness!,#nature #startup #fitness #photography #motivation #marketing,6,2613.0,3887,94,4.0,10,53,11
IG0580,2024-11-30 14:44:00,Carousel,5 tips every beginner should know about fashion.,,0,3278.0,4472,197,8.0,14,60,6
IG0581,2025-02-14 06:40:00,Carousel,We just launched something new in food. Link in bio!,#nature #mumbai #foodie #fitness,4,5681.0,8507,161,2.0,32,189,29
IG0582,2024-05-13 19:43:00,Carousel,A day in the life: business edition.,#nature #technology #marketing #lifestyle #motivation #foodie,6,5353.0,8211,178,7.0,22,40,2
IG0583,2025-01-21 18:14:00,Reel,We just launched something new in fashion. Link in bio!,,0,4659.0,6021,243,9.0,126,165,11
IG0584,2025-12-19 05:03:00,Image,Behind the scenes of food — swipe to see more.,#instagood #startup #motivation #lifestyle #foodie #photography,6,5778.0,7340,80,,40,162,8
IG0585,2025-04-09 21:31:00,Carousel,We just launched something new in travel. Link in bio!,#explorepage,1,6925.0,10991,364,4.0,145,177,31
IG0586,2025-05-21 12:08:00,Reel,5 tips every beginner should know about art.,#reels #instagood #ootd #mumbai #startup #foodie,6,5437.0,6089,347,,127,133,8
IG0587,2025-04-06 07:23:00,Carousel,Why travel matters more than you think.,#foodie #fashion #marketing #lifestyle #nature #art #reels,7,6976.0,9909,267,9.0,27,255,31
IG0588,2024-04-07 17:03:00,Carousel,We just launched something new in business. Link in bio!,,0,9667.0,13834,273,6.0,92,77,13
IG0589,2025-11-17 19:45:00,Reel,A day in the life: fashion edition.,,0,10104.0,15614,585,19.0,54,341,73
IG0590,2025-11-18 11:08:00,Reel,5 tips every beginner should know about wellness.,#travel #mumbai #photography #motivation #delhi #india #explorepage #marketing,8,11107.0,17088,540,20.0,97,102,23
IG0591,2024-09-23 03:20:00,Image,,,0,3239.0,4117,146,2.0,50,60,5
IG0592,2025-03-16 09:57:00,Reel,5 tips every beginner should know about art.,#instagood #motivation #india #nature,4,10963.0,12155,578,22.0,293,207,24
IG0593,2024-06-03 17:54:00,Carousel,A day in the life: wellness edition.,#travel #reels #lifestyle #instagood #explorepage #foodie #fashion,7,6863.0,9542,425,18.0,48,107,8
IG0594,2025-05-21 01:28:00,Reel,Behind the scenes of food — swipe to see more.,#delhi #marketing #technology #mumbai #fitness,5,9297.0,14701,580,11.0,58,371,61
IG0595,2024-06-21 23:32:00,Carousel,Why food matters more than you think.,#mumbai #instagood #reels #fashion,4,6714.0,10186,320,15.0,145,90,16
IG0596,2024-04-06 10:01:00,Reel,5 tips every beginner should know about business.,#fitness #business #art #instagood,4,3020.0,4397,164,,52,133,12
IG0597,2025-05-06 14:40:00,Reel,Big announcement coming soon about wellness!,#instagood #fashion #nature #travel,4,5837.0,9081,406,17.0,57,67,12
IG0598,2025-08-05 04:13:00,Carousel,Big announcement coming soon about tech!,,0,2922.0,3868,155,9.0,26,40,4
IG0599,2025-09-08 12:05:00,Carousel,5 tips every beginner should know about travel.,#motivation #photography #explorepage #business #foodie #fashion,6,5409.0,6668,227,3.0,93,185,15
IG0600,2025-10-31 04:07:00,Video,Behind the scenes of business — swipe to see more.,#marketing #startup #ootd #lifestyle,4,5750.0,8270,181,3.0,47,34,2
IG0601,2025-02-01 15:17:00,Reel,Behind the scenes of art — swipe to see more.,#foodie #startup #art #photography #mumbai #nature,6,12298.0,14397,569,23.0,109,110,9
IG0602,2024-08-17 20:43:00,Video,A day in the life: fitness edition.,#marketing #india,2,3062.0,4372,147,6.0,48,67,6
IG0603,2024-11-03 04:08:00,Reel,Behind the scenes of fashion — swipe to see more.,#explorepage #india #startup #ootd,4,9946.0,13772,577,34.0,78,344,63
IG0604,2025-02-26 03:29:00,Video,Behind the scenes of fashion — swipe to see more.,#art #motivation #foodie #india,4,6024.0,6948,166,9.0,58,132,17
IG0605,2025-02-06 01:05:00,Carousel,We just launched something new in food. Link in bio!,#ootd #nature #technology #delhi #motivation #photography,6,8194.0,12848,279,5.0,181,234,23
IG0606,2025-11-20 03:27:00,Reel,Why wellness matters more than you think.,#fashion #instagood #business #fitness #mumbai #foodie #nature #explorepage,8,7301.0,10342,401,9.0,174,43,5
IG0607,2025-05-13 09:39:00,Carousel,,#business #ootd #foodie #lifestyle #india,5,5303.0,6456,202,6.0,84,39,2
IG0608,2024-01-28 06:30:00,Image,Behind the scenes of travel — swipe to see more.,#explorepage #startup,2,5628.0,9002,117,2.0,78,163,38
IG0609,2024-01-23 03:10:00,Carousel,Check out our latest wellness update! What do you think?,#technology #marketing,2,3663.0,5819,182,3.0,33,26,2
IG0610,2025-08-06 12:03:00,Image,Check out our latest tech update! What do you think?,#fashion #fitness #startup #delhi #marketing,5,2411.0,3064,72,2.0,22,18,4
IG0611,2025-09-18 21:57:00,Image,A day in the life: fitness edition.,#explorepage #travel #india #fashion #startup #ootd #photography,7,3022.0,3409,75,2.0,56,49,10
IG0612,2025-05-21 19:41:00,Carousel,,#technology #startup #fashion #photography #ootd,5,7982.0,9474,405,16.0,32,127,19
IG0613,2025-12-02 10:58:00,Video,We just launched something new in food. Link in bio!,#lifestyle #ootd #business #startup #art #delhi #explorepage,7,8393.0,11045,292,11.0,165,130,22
IG0614,2024-05-12 05:12:00,Carousel,Why fitness matters more than you think.,#instagood #marketing,2,2496.0,2862,83,4.0,19,27,5
IG0615,2025-07-24 01:01:00,Reel,Big announcement coming soon about fitness!,#motivation #art #photography #delhi #travel,5,2923.0,4617,175,9.0,43,110,8
IG0616,2024-08-17 15:16:00,Reel,Check out our latest fitness update! What do you think?,#art #travel #delhi #motivation #lifestyle,5,6007.0,7975,309,3.0,92,215,29
IG0617,2024-04-23 03:50:00,Image,Behind the scenes of fashion — swipe to see more.,#delhi,1,5268.0,7344,110,2.0,70,133,17
IG0618,2025-01-05 05:46:00,Reel,Big announcement coming soon about food!,#technology #india #marketing #fitness,4,7204.0,9538,473,9.0,153,146,36
IG0619,2025-03-25 13:49:00,Carousel,,,0,20869.0,32521,742,24.0,389,491,72
IG0620,2025-01-16 22:48:00,Reel,5 tips every beginner should know about travel.,#art #explorepage #lifestyle #india #startup #business,6,2394.0,3728,120,6.0,44,76,12
IG0315,2025-09-10 19:40:00,Image,Big announcement coming soon about business!,#india #delhi #reels #technology,4,3194.0,4791,107,3.0,13,84,6
IG0163,2024-06-29 01:53:00,Image,Big announcement coming soon about fitness!,#marketing #photography #ootd #travel #fashion #lifestyle,6,5662.0,7427,133,1.0,74,86,14
IG0202,2025-08-12 07:20:00,Carousel,Check out our latest food update! What do you think?,#motivation #business #art #fitness #reels #ootd,6,7993.0,9870,416,14.0,33,45,5
IG0290,2025-07-25 05:18:00,Reel,A day in the life: food edition.,#marketing,1,5121.0,6836,342,15.0,25,57,2
IG0024,2024-09-07 11:18:00,Reel,Check out our latest tech update! What do you think?,#technology #delhi,2,3571.0,5665,156,8.0,76,139,20
IG0048,2025-08-15 00:59:00,Video,We just launched something new in fitness. Link in bio!,#mumbai #business #instagood #reels,4,2697.0,4014,85,2.0,54,17,2
